"unit","MCD","blueMCD","TPQ","TPQp95","TPQp90","Count"
" |  | 002",1742.5,1764.88341968912,1775,1775,1775,28
" |  | 003",1776,1789.54009952552,1762,1762,1762,6
" |  | 004",1780.70689655172,1793.53763554022,1775,1775,1775,29
" |  | 005",1791.56818181818,1798.2726211948,1775,1775,1775,22
" |  | 007",1795.14615829001,1796.79572270415,1840,1820,1775,3462
" |  | 007L",1760.33928571429,1775.25281483602,1830,1830,1830,140
" |  | 008",1783.5117370892,1792.20795777333,1840,1775,1775,213
" |  | 024",1799.10869565217,1795.38257780582,1820,1820,1820,23
" |  | 025",1773.22972972973,1794.66958209072,1820,1775,1775,185
" |  | 026",1733.58139534884,1734.7327943736,1740,1670,1670,215
" |  | 027",1729.91025641026,1734.79001998396,1820,1720,1670,39
" |  | 030",1717.375,1721.88226153014,1670,1670,1670,12
" |  | 031",1755.39130434783,1750.7814314069,1820,1820,1820,23
" |  | 034",1870.71052631579,1822.05380525797,1820,1820,1820,19
" |  | 035",1738.2,1750.04505909633,1720,1720,1720,5
" |  | 037",1729.50704225352,1742.04693480041,1762,1720,1720,71
" |  | 038",1734.66438356164,1742.42134736442,1720,1720,1720,73
" |  | 040",1741.68181818182,1747.01510991836,1720,1720,1720,11
" |  | 041",1720.66666666667,1720.92844607794,1660,1660,1660,6
" |  | 043",1727.88888888889,1727.47525852077,1670,1670,1670,9
" |  | 045",1776.73619371283,1791.60494100166,1820,1775,1775,1177
" |  | 045f",1769.86666666667,1789.09363045394,1775,1762,1762,15
" |  | 045I",1763.19503546099,1790.73115007602,1775,1775,1775,141
" |  | 045II",1780.91428571429,1795.11146706521,1775,1775,1775,70
" |  | 045u",1879.675,1824.11926114517,1840,1840,1840,20
" |  | 045w",1826.78372093023,1803.20333450396,1840,1840,1840,215
" |  | 045z",1772.27272727273,1786.05801536297,1775,1762,1762,44
" |  | 046",1756.99473684211,1785.38421870656,1775,1775,1775,95
" |  | 047",1722.78846153846,1736.87863572702,1775,1720,1720,156
" |  | 048",1731.24074074074,1739.84951048115,1720,1720,1720,27
" |  | 049",1729.6875,1742.55598064683,1725,1720,1720,24
" |  | 051",1738.44444444444,1745.94755285788,1720,1720,1720,9
" |  | 054",1845.6625,1820.700246453,1820,1820,1820,40
" |  | 055",1776.95454545455,1779.24974181008,1820,1820,1820,11
" |  | 056",1731.53773584906,1740.03258123727,1720,1720,1720,53
" |  | 057",1751.04347826087,1755.22150617714,1750,1720,1720,23
" |  | 060",1822.40104166667,1800.29256824366,1820,1820,1820,96
" |  | 062",1731.2,1731.29468750232,1680,1680,1680,10
" |  | 063",1720.5,1732.57623664565,1715,1715,1680,10
" |  | 065",1722.08552631579,1744.82275841258,1762,1762,1720,152
" |  | 065a",1707.04411764706,1712.74754557802,1680,1670,1670,34
" |  | 065b",1715.10869565217,1721.50077273458,1715,1680,1670,92
" |  | 065c",1701,1701,1600,1600,1600,2
" |  | 065d",1704.1875,1699.40428103016,1670,1660,1650,16
" |  | 065e",1710.58,1715.11065334502,1683,1680,1670,50
" |  | 065x",1721.85810810811,1737.32352717348,1740,1720,1680,74
" |  | 072",1724.225,1728.1470486744,1670,1670,1670,20
" |  | 073",1716.85714285714,1718.90689862327,1680,1680,1660,7
" |  | 075",1728.0625,1735.4191303078,1720,1720,1680,16
" |  | 077",1790.06132075472,1793.17958175689,1820,1820,1775,424
" |  | 080",1732.23333333333,1748.45179558019,1720,1720,1720,15
" |  | 081",1741.41666666667,1772.584276191,1775,1775,1720,6
" |  | 082",1734.44117647059,1744.77913884225,1720,1720,1720,17
" |  | 083",1717.07142857143,1727.48550542963,1775,1720,1720,35
" |  | 084",1784.75,1794.87459509413,1775,1775,1775,12
" |  | 085",1734.65217391304,1748.10133601039,1725,1725,1720,23
" |  | 086",1735.27083333333,1756.53746288442,1762,1762,1720,24
" |  | 087",1810.08333333333,1792.69783818642,1820,1820,1820,18
" |  | 089",1737.74193548387,1770.41514242259,1762,1762,1762,31
" |  | 090",1766,1777.74840432756,1820,1820,1820,22
" |  | 091",1742.08673469388,1748.09609790528,1820,1740,1720,98
" |  | 093",1729.40528634361,1739.30061840265,1762,1720,1720,227
" |  | 094",1731.38235294118,1740.86986856416,1725,1720,1720,34
" |  | 095",1714.02857142857,1726.40121958624,1720,1720,1680,35
" |  | 096",1795.07142857143,1797.03262935015,1820,1820,1820,14
" |  | 097",1716.27777777778,1728.16304019299,1720,1720,1670,18
" |  | 099",1720.66666666667,1729.33199381534,1720,1720,1720,21
" |  | 102",1724.6,1724.88234593865,1660,1660,1660,5
" |  | 105",1863.93103448276,1814.38847760015,1830,1820,1820,29
" |  | 106",1762.5,1762.5,1720,1720,1720,10
" |  | 107",1804.15151515152,1799.69246224472,1820,1820,1820,66
" |  | 109",1737.875,1750.75404273191,1762,1720,1720,12
" |  | 111",1719.6875,1721.9946007193,1670,1670,1660,8
" |  | 113",1723.17834394904,1733.16550132666,1820,1720,1683,157
" |  | 119",1725.5,1754.50756310851,1762,1762,1670,8
" |  | 121",1716.75,1723.77775611831,1670,1670,1670,4
" |  | 122",1714.3,1717.2391911086,1670,1670,1670,15
" |  | 123",1763.60344827586,1780.03248251523,1820,1820,1775,29
" |  | 126",1747.75,1778.79562561869,1775,1775,1775,44
" |  | 127",1735.63855421687,1756.8115358705,1820,1775,1720,83
" |  | 127a",1717.57142857143,1730.70835448901,1720,1720,1670,7
" |  | 127b",1720.16049382716,1733.21343313876,1775,1720,1680,81
" |  | 127x",1755.41666666667,1750.68783068783,1670,1670,1660,6
" |  | 128",1767.07569721116,1790.26465490312,1820,1775,1775,251
" |  | 130",1734.33333333333,1736.000400283,1720,1680,1680,12
" |  | 131a",1728.70408163265,1741.66727984267,1762,1720,1720,49
" |  | 131b",1723.53846153846,1741.9167001611,1720,1720,1720,13
" |  | 131d",1729.57142857143,1724.39941916981,1660,1660,1660,7
" |  | 134",1737.9696969697,1770.46256476472,1820,1775,1775,66
" |  | 135",1760.38888888889,1781.02792778584,1820,1820,1775,9
" |  | 136",1721.06818181818,1725.27410686457,1680,1680,1670,22
" |  | 136a",1735.55882352941,1734.3992688613,1720,1670,1670,17
" |  | 136t",1732.74060150376,1744.46028991939,1775,1720,1720,133
" |  | 139",1773.37037037037,1788.75757493281,1820,1820,1820,27
" |  | 146",1721,1744.12780263695,1740,1720,1720,19
" |  | 150",1713.53846153846,1717.30307783972,1670,1670,1670,13
" |  | 165",1723.35185185185,1732.29638558944,1720,1720,1680,27
" |  | 166",1723.78765690377,1732.0436195338,1720,1720,1680,478
" |  | 166a",1719.85548172757,1731.15819687921,1720,1720,1680,301
" |  | 166b",1721.98836032389,1733.81290149882,1720,1720,1715,988
" |  | 170",1736.25,1744.46239282727,1840,1840,1670,8
" |  | 172",1711.9,1715.47214015176,1670,1670,1650,5
" |  | 173",1775,1789.14168363559,1775,1775,1775,3
" |  | 174",1718,1719.66042238179,1670,1670,1660,6
" |  | 176",1765,1783.16391000983,1775,1775,1775,7
" |  | 178",1748.14906832298,1764.9116463493,1820,1820,1775,161
" |  | 183",1703.91836734694,1699.62174200283,1720,1670,1670,49
" |  | 186",1739.63043478261,1761.3774550321,1775,1775,1720,23
" |  | 189",1738,1743.96428907583,1720,1720,1715,7
" |  | 192",1720.39166666667,1725.28511891402,1680,1680,1680,60
" |  | 194",1837.5,1811.64583134317,1820,1820,1820,7
" |  | 195",1761.1875,1781.13063028459,1840,1840,1775,8
" |  | 196",1731.83333333333,1732.22346614659,1670,1670,1670,6
" |  | 198",1761.77777777778,1788.16103959549,1775,1775,1775,9
" |  | 199",1728.37401574803,1737.5264313879,1740,1720,1670,127
" |  | 200",1720.14285714286,1728.54164103692,1720,1670,1670,21
" |  | 201",1722,1727.43806115208,1670,1670,1670,3
" | 01 | 026",1713,1737.67500423322,1720,1720,1720,4
" | 02 | 026",1744.56493506494,1766.25363728908,1820,1775,1775,77
" | 02 | 045",1784.48623853211,1796.04601614628,1775,1775,1775,109
" | 03 | 026",1736.13888888889,1753.62312872999,1820,1762,1720,72
" | 03 | 045",1783.43181818182,1795.58331408618,1775,1775,1775,22
" | 04 | 026",1725.125,1754.89373753974,1775,1740,1720,16
" | 04 | 045",1781.25757575758,1792.32750353486,1775,1775,1775,33
" | 05 | 026",1737.85,1751.69118832378,1820,1762,1720,100
" | 06 | 026",1749.61666666667,1755.2903333869,1820,1740,1720,30
" | 07 | 026",1740.484375,1753.85310997742,1740,1720,1720,64
" | 08 | 026",1739.29054054054,1751.92208351052,1740,1720,1720,74
" | 09 | 026",1728.91818181818,1748.20516648157,1740,1720,1720,55
" | 10 | 026",1729.79807692308,1746.32593687168,1740,1720,1720,52
" | 11 | 026",1741.21153846154,1754.2024139901,1740,1720,1720,52
" | 12 | 026",1737.625,1746.51010239424,1720,1720,1720,56
" | 13 | 026",1716.55882352941,1734.43035063535,1720,1720,1720,17
" | 14 | 026",1738.31818181818,1758.46913103763,1762,1740,1740,11
" | 15 | 026",1736.1875,1744.73628683283,1720,1720,1720,8
" | 16 | 026",1739.32692307692,1754.444133383,1762,1740,1720,26
"02-01-026",1776.28571428571,1777.98630845214,1840,1820,1820,21
"02-01-027",1733.84710743802,1743.9858251842,1840,1720,1720,121
"02-01-031",1740.41666666667,1753.41846469984,1740,1740,1740,6
"02-01-034",1731.45454545455,1743.29997827793,1720,1720,1720,22
"02-01-042",1744.45833333333,1753.21854760509,1740,1720,1720,12
"02-01-045",1737.4375,1748.91995276727,1720,1720,1720,16
"02-01-047",1736.92857142857,1734.91820931208,1683,1671,1671,14
"02-01-050",1734.22222222222,1743.73730104903,1740,1720,1720,81
"02-01-057",1725.40517241379,1731.77400406301,1720,1680,1670,58
"02-01-064",1722.27272727273,1728.95831934162,1720,1720,1683,44
"02-01-065",1718.41666666667,1734.13651012427,1720,1720,1670,6
"02-01-067",1708.81818181818,1724.47937115051,1720,1715,1715,11
"02-01-069",1725.3,1735.01475397574,1720,1720,1671,10
"02-01-073",1713.41666666667,1718.95706699274,1670,1670,1670,6
"02-02-028",1760.46610169492,1766.60080292847,1820,1820,1820,59
"02-02-032",1729.66666666667,1738.4624574132,1720,1720,1683,9
"02-02-033",1754.07142857143,1773.92544467374,1775,1775,1762,7
"02-02-038",1719.15,1734.71068398857,1725,1725,1690,10
"02-02-044",1732.33333333333,1748.62364468506,1740,1740,1725,9
"02-02-046",1722.4,1736.73985796636,1715,1715,1670,5
"02-02-048",1731.23214285714,1744.80631608011,1762,1720,1720,112
"02-02-053",1730.61728395062,1737.72894534024,1720,1720,1720,81
"02-02-055",1731.16666666667,1750.91544538093,1740,1740,1720,9
"02-02-058",1730.63461538462,1731.47123879989,1715,1670,1670,26
"02-02-060",1718.41666666667,1734.25872858153,1715,1715,1680,6
"02-02-066",1708.6875,1717.60011202242,1680,1680,1680,16
"02-02-068",1741.6,1740.77944978419,1715,1715,1670,10
"02-03-071",1763.78571428571,1760.64718049484,1750,1750,1720,7
"02-03-074",1787.97,1781.96806097238,1840,1820,1820,50
"02-03-078",1799.19318181818,1796.45750826719,1840,1820,1820,44
"02-03-084",1794.86363636364,1797.56145081687,1820,1820,1775,44
"02-03-086",1776.56818181818,1789.26492862372,1830,1820,1820,22
"02-03-087",1748.58823529412,1769.1079504137,1775,1762,1762,51
"02-03-091",1739.35,1746.9418529941,1720,1720,1720,10
"02-03-095",1722.33333333333,1727.79188191749,1671,1671,1670,9
"02-03-105",1727.08333333333,1734.52584470025,1715,1680,1680,12
"02-03-159",1846.73529411765,1809.96683138079,1840,1840,1820,17
"02-03-161",1740.26315789474,1756.34100916405,1762,1720,1720,19
"02-04-085",1741.57971014493,1742.7786851513,1820,1820,1725,69
"02-04-098",1717.68571428571,1723.85803833868,1715,1670,1670,35
"02-04-099",1717.30769230769,1722.38251964494,1670,1670,1670,13
"02-04-100",1724.77272727273,1726.40261485499,1670,1670,1670,11
"02-04-109",1725.76956521739,1734.4868381864,1740,1720,1683,115
"02-04-113",1727.76271186441,1741.86425568027,1740,1720,1720,59
"02-04-116",1718.78571428571,1735.42043322539,1720,1720,1670,7
"02-04-118",1731.41666666667,1743.95099105628,1740,1720,1720,12
"02-04-121",1736.5625,1737.43979352993,1720,1720,1680,8
"02-04-126",1715.83333333333,1730.41317209507,1720,1680,1680,15
"02-04-127",1721.7,1725.22692161408,1680,1680,1670,5
"02-04-131",1698.85,1692.31962734869,1670,1670,1600,10
"02-05-110",1778.25,1788.26438370937,1820,1820,1775,6
"02-05-112",1741.33333333333,1768.55755236756,1762,1762,1720,6
"02-05-112a",1767.79411764706,1779.1730806722,1840,1820,1794,51
"02-05-114",1740.38271604938,1763.75403571578,1775,1762,1762,81
"02-05-119",1698.3125,1693.22483663248,1670,1670,1650,8
"02-06-132",1735.04545454545,1746.37614646385,1820,1750,1720,55
"02-06-136",1733.92045454545,1749.68502585365,1762,1720,1720,44
"02-06-140",1710.4375,1730.12761051695,1715,1715,1670,8
"02-06-143",1731.78571428571,1739.95785153722,1780,1720,1720,28
"02-06-147",1730.95454545455,1749.02125168446,1740,1725,1725,11
"02-06-149",1727.39473684211,1736.32440896795,1725,1715,1683,19
"02-06-151",1728.125,1728.28844674068,1670,1670,1670,4
"02-06-152",1735.80303030303,1751.13007774271,1740,1720,1720,33
"02-06-154",1720.875,1728.71353936852,1720,1720,1680,28
"02-06-157",1726.9,1735.03501888989,1720,1720,1680,30
"02-06-160",1730.88888888889,1743.85332571793,1720,1720,1720,9
"02-06-166",1716.75,1723.77775611831,1670,1670,1670,2
"02-07-141",1784.20535714286,1780.21583617279,1840,1820,1820,56
"02-07-144",1817.88524590164,1802.79101900235,1840,1840,1840,61
"02-07-146",1786.94285714286,1793.51687204147,1830,1820,1820,35
"02-07-148",1749.73493975904,1770.7095637392,1840,1775,1762,83
"02-07-150",1747.11413043478,1769.49630997382,1820,1762,1762,92
"02-07-153",1737.69090909091,1763.61218812945,1775,1762,1762,55
"02-07-155",1736.34375,1752.97398953485,1762,1720,1720,16
"02-07-156",1730.38235294118,1735.46694002638,1720,1720,1720,17
"02-07-163",1713.92857142857,1717.50302262999,1670,1670,1670,14
"02-07-169",1719.9,1741.72526629772,1725,1725,1660,5
"02-07-171",1710.64285714286,1717.86586493658,1670,1670,1670,7
"02-07-172",1729.875,1754.45977684176,1740,1740,1740,4
"02-07-183",1705.5,1710.55249193632,1670,1670,1600,7
"03-SF",1747.33333333333,1760.02817691407,1775,1775,1750,9
"03-Trench",1735.18181818182,1745.22467352677,1725,1720,1720,11
"91-01-001",1833.72727272727,1804.98743733646,1820,1820,1820,11
"91-01-003",1826.83333333333,1794.48123145687,1820,1820,1820,12
"91-01-004",1730.14634146341,1735.53349570329,1720,1720,1715,41
"91-01-006",1722.11538461538,1735.08451870087,1725,1720,1670,26
"91-01-007",1732.21739130435,1740.3133559525,1725,1720,1720,23
"91-01-008",1723.36363636364,1731.94451336995,1720,1680,1680,11
"91-01-009",1713.25,1730.81543921859,1715,1715,1670,6
"91-02-011",1843.61842105263,1810.91920833517,1840,1840,1840,38
"91-02-013",1733.35714285714,1746.24554154081,1740,1720,1720,14
"91-02-014",1734.77777777778,1746.4371718983,1720,1720,1720,9
"91-03-015",1798.515625,1799.297082529,1820,1820,1820,32
"91-03-016",1832.42857142857,1806.26343064867,1820,1820,1820,7
"91-03-017a",1820.0625,1797.27711817635,1820,1820,1820,8
"91-03-017b",1837.70833333333,1803.39573726294,1820,1820,1820,12
"91-03-018",1790.60416666667,1794.8344528013,1820,1820,1775,24
"91-03-019",1790.4375,1799.72844389538,1775,1775,1775,8
"91-03-020",1798.20754716981,1795.65785810069,1820,1820,1820,53
"91-03-021",1743.06666666667,1756.11549913042,1820,1762,1762,15
"91-03-022",1734.38461538462,1743.03384979749,1720,1720,1720,13
"91-03-024",1811.1,1801.96184560285,1820,1820,1820,35
"91-03-025",1750.125,1745.17784169665,1820,1820,1670,8
"A00 | 02 | ",1772.25,1763.31377488977,1820,1820,1820,14
"A00 | 03 | ",1739.775,1761.72440065914,1775,1775,1720,20
"A00 | 04 | ",1741.45283018868,1742.82707611717,1820,1720,1720,53
"A00 | 05 | ",1726.30555555556,1744.90675926102,1775,1720,1720,72
"A00 | 06 | ",1727.44375,1735.23660936293,1720,1720,1715,80
"A00 | 07 | ",1719.1,1730.60860954819,1725,1670,1670,25
"A00 | 08 | ",1720.15625,1724.70918854752,1680,1670,1670,16
"A01 | 01 | ",1821.86363636364,1800.73877772066,1820,1820,1820,11
"A01 | 03 | ",1761.65476190476,1787.58902339697,1820,1775,1775,42
"A01 | 04 | ",1731.78260869565,1725.43750945764,1680,1680,1680,23
"A01 | 05 | ",1751.4375,1745.75736352131,1820,1820,1820,56
"A01 | 06 | ",1730.22727272727,1738.97253445152,1725,1720,1720,55
"A01 | 07 | ",1725.66666666667,1747.14045361194,1775,1720,1680,48
"A01 | 08 | ",1718.39285714286,1723.20777514967,1680,1670,1670,14
"A02 | 01 | ",1863.2,1874.01323604467,1830,1830,1830,10
"A02 | 02 | ",1851.93055555556,1814.67973179191,1820,1820,1820,36
"A02 | 03A | ",1753.75,1775.77062586666,1820,1820,1775,54
"A02 | 03B | ",1746.76056338028,1746.36462817866,1820,1820,1720,71
"A02 | 04 | ",1736.10732984293,1742.39675359444,1740,1720,1690,191
"A02 | 05 | ",1742.91517857143,1748.26161827708,1820,1720,1720,112
"A02 | 06 | ",1721.18181818182,1730.20812898886,1720,1715,1680,55
"A02 | 07 | ",1713.76666666667,1720.21536391723,1680,1670,1670,45
"A02 | 09 | ",1701.75,1706.59274618317,1670,1670,1600,6
"A03 | 01 | ",1763.28571428571,1783.22176758426,1775,1775,1762,7
"A03 | 02 | ",1784.76470588235,1801.42771822846,1830,1820,1820,17
"A03 | 03A | ",1775.11363636364,1787.32001417582,1820,1820,1820,44
"A03 | 03B | ",1745.58988764045,1755.54440988826,1820,1775,1720,89
"A03 | 04 | ",1741.28343023256,1750.44131036578,1762,1720,1720,344
"A03 | 05 | ",1729.0325203252,1740.89264924721,1762,1720,1683,123
"A03 | 06 | ",1754.19047619048,1751.11823598612,1820,1820,1720,21
"A03 | 07 | ",1720.87745098039,1730.54656367152,1740,1670,1670,102
"A03 | 08 | ",1717.25,1723.28899961092,1683,1670,1670,40
"A03 | 09 | ",1720.20833333333,1738.7014493279,1740,1680,1680,24
"A03b | 03B | ",1707.75,1714.10278061892,1670,1670,1670,14
"A04 | 01 | ",1818.22916666667,1800.05448837064,1830,1820,1820,24
"A04 | 02 | ",1855.89743589744,1819.2744639902,1820,1820,1820,39
"A04 | 03A | ",1769.56730769231,1783.69090653616,1820,1820,1820,52
"A04 | 03B | ",1750.63855421687,1773.16556775859,1820,1775,1775,83
"A04 | 04 | ",1739.9,1746.93027710952,1820,1725,1720,65
"A04 | 05 | ",1726.85416666667,1733.56529451032,1725,1720,1670,48
"A04 | 06 | ",1721.89534883721,1732.64610503599,1720,1720,1683,43
"A04 | 07 | ",1713.33870967742,1716.77336723982,1680,1670,1670,31
"A05 | 01 | ",1817.5,1796.22457942031,1820,1820,1820,9
"A05 | 02 | ",1787.60169491525,1792.90903178241,1820,1820,1820,59
"A05 | 03 | ",1749.60169491525,1767.59728725925,1820,1762,1762,59
"A05 | 04 | ",1736.24137931034,1740.53094314413,1720,1720,1680,29
"A05 | 05 | ",1735.19117647059,1743.19830818924,1720,1720,1720,34
"A05 | 06 | ",1752.33333333333,1745.91307420798,1820,1820,1820,81
"A05 | 07 | ",1727.32692307692,1731.88300497522,1720,1680,1670,26
"A05 | 08 | ",1716.23333333333,1721.70531072616,1683,1670,1670,15
"A06 | 010203 | ",1868.64705882353,1834.21144463712,1820,1820,1820,17
"A06 | 02 | ",1857.5,1816.48461158518,1830,1820,1820,19
"A06 | 03A | ",1781.6875,1792.5916509648,1820,1820,1775,40
"A06 | 03B | ",1734.97058823529,1747.83667026199,1820,1720,1720,34
"A06 | 04 | ",1736.66428571429,1745.27972785421,1740,1720,1720,70
"A06 | 05 | ",1733.99514563107,1741.37185908034,1720,1720,1720,103
"A06 | 06 | ",1739.61111111111,1744.11837396631,1725,1720,1720,99
"A06 | 07 | ",1725.23387096774,1737.6783467373,1725,1720,1720,62
"A06 | 08 | ",1724.5,1737.29640097309,1775,1683,1680,44
"A06 | 09 | ",1710.63636363636,1716.8670829191,1670,1670,1670,11
"A07 | 01 | ",1804.6,1792.92096366982,1820,1820,1820,15
"A07 | 02 | ",1864.79166666667,1823.56240999422,1820,1820,1820,12
"A07 | 03A | ",1755.82524271845,1765.01643822214,1820,1820,1820,103
"A07 | 03B | ",1741.50280898876,1752.59263203082,1820,1740,1720,178
"A07 | 04 | ",1739.50165016502,1750.08247530184,1820,1720,1720,303
"A07 | 05 | ",1731.51666666667,1738.61433258387,1725,1720,1683,60
"A07 | 06 | ",1735.80434782609,1743.1052043232,1740,1720,1720,46
"A07 | 07 | ",1726.50595238095,1733.20405683819,1720,1720,1683,84
"A07 | 08 | ",1725.72727272727,1737.16889233399,1720,1720,1720,11
"A07 | PIII | ",1760,1760,1660,1660,1660,10
"A08 | 02 | ",1791.6875,1786.19312846356,1820,1820,1775,8
"A08 | 03A | ",1778.57843137255,1790.5234311901,1830,1820,1820,51
"A08 | 03B | ",1762.63333333333,1782.37703173927,1775,1762,1762,15
"A08 | 04 | ",1736.8,1745.49566099018,1725,1720,1720,45
"A08 | 05 | ",1734.05,1733.68748075733,1670,1670,1670,10
"A08 | 06 | ",1734.6,1747.22752188332,1725,1725,1725,15
"A08 | 07 | ",1717.08695652174,1724.16466740489,1683,1683,1680,23
"A08 | 08 | ",1714.71666666667,1721.61669259663,1680,1680,1680,30
"A09 | 01 | ",1798.0625,1796.13751292627,1820,1820,1820,8
"A09 | 02 | ",1794.26373626374,1777.03274201074,1820,1820,1820,91
"A09 | 03A | ",1808.65384615385,1787.93188560198,1820,1820,1820,65
"A09 | 03B | ",1733.64406779661,1745.28444145142,1775,1720,1720,59
"A09 | 04 | ",1715.5,1745.82118229228,1740,1740,1683,10
"A09 | 05 | ",1717.26086956522,1729.56857328992,1720,1715,1680,23
"A09 | 06 | ",1713.59677419355,1719.32275876187,1720,1680,1670,31
"A09 | 07 | ",1716.75,1723.77775611831,1670,1670,1670,8
"A09 | 08 | ",1725.7,1729.27106085065,1680,1680,1670,5
"A10 | 0102 | ",1732.5,1732.5,1670,1670,1670,3
"A10 | 02 | ",1832.21621621622,1803.10759894335,1820,1820,1820,37
"A10 | 03A | ",1787.01953125,1793.62538549099,1820,1820,1775,128
"A10 | 03B | ",1736.52631578947,1746.04275926327,1720,1720,1720,19
"A10 | 05 | ",1733.33333333333,1742.8384487492,1720,1720,1720,21
"A10 | 06 | ",1730.79787234043,1740.73250461322,1762,1720,1720,47
"A10 | 07 | ",1725.27142857143,1730.28082332609,1715,1680,1670,35
"A10 | 08 | ",1705.65,1708.09355916033,1680,1680,1670,20
"A11 | 0102 | ",1761.85,1773.0687214951,1820,1820,1775,40
"A11 | 03A | ",1744.62096774194,1755.42334564516,1820,1762,1740,124
"A11 | 04 | ",1734.10584958217,1744.41307522576,1820,1720,1720,359
"A11 | 05 | ",1745.5875,1747.01717378959,1725,1720,1720,40
"A11 | 06 | ",1719.0546875,1730.47903332659,1720,1720,1680,64
"A11 | 07 | ",1714.30769230769,1721.90918226152,1680,1680,1670,26
"A12 | 03A | ",1725.2196969697,1732.75175579507,1820,1720,1670,66
"A12 | 03B | ",1730.3,1739.68668871448,1720,1720,1720,35
"A12 | 04 | ",1735.89175257732,1742.26540007003,1820,1720,1720,194
"A12 | 05 | ",1721.99122807018,1729.99680848532,1720,1720,1680,57
"A12 | 06 | ",1731.31034482759,1743.52783896115,1720,1720,1720,29
"A12 | 07 | ",1717.7575,1730.77540236206,1720,1720,1715,200
"A12 | 08 | ",1710.04545454545,1721.33674336338,1725,1680,1670,44
"A13 | 03A | ",1793.35714285714,1799.96851888623,1820,1820,1775,7
"A13 | 03B | ",1728.0625,1730.32630938623,1670,1670,1670,8
"A13 | 04 | ",1728.88157894737,1729.79227586864,1683,1680,1670,38
"A13 | 05 | ",1719.73913043478,1729.16296136406,1720,1720,1670,23
"A13 | 06 | ",1726.42857142857,1728.98076296799,1683,1683,1680,7
"A13 | 07 | ",1721.81818181818,1730.0119417597,1720,1670,1670,22
"A13 | 08 | ",1718.9,1725.97006511614,1680,1680,1680,5
"A14 | 0102 | ",1759.5,1769.17409847851,1830,1830,1775,8
"A14 | 03A | ",1735.16551724138,1747.26759919663,1820,1740,1720,145
"A14 | 04 | ",1731.18,1746.45322142334,1820,1740,1720,75
"A14 | 05 | ",1734.95470383275,1747.85101277541,1820,1740,1720,287
"A14 | 06 | ",1725.77551020408,1733.97332941556,1720,1720,1670,49
"A14 | 07 | ",1721.72485207101,1730.61753080854,1720,1715,1680,169
"A14 | 08 | ",1715.95625,1723.55421037365,1720,1680,1680,80
"A15 | 03 | ",1734.97222222222,1757.59587672754,1820,1775,1762,90
"A15 | 04 | ",1725.09523809524,1741.6773945869,1762,1720,1720,21
"A15 | 05 | ",1738,1746.42492683815,1820,1720,1720,54
"A15 | 06 | ",1723.41666666667,1736.6875377766,1715,1715,1670,6
"A15 | 07 | ",1724,1736.46908605776,1720,1720,1720,11
"A15 | 08 | ",1721.21428571429,1737.37776494787,1725,1725,1670,7
"A16 | 03 | ",1733.62020905923,1744.4398362733,1762,1720,1720,287
"A16 | 05 | ",1730.40476190476,1739.59359909658,1740,1720,1670,126
"A16 | 06 | ",1725.65853658537,1741.14778341245,1740,1720,1715,41
"A16 | 07 | ",1721.56896551724,1731.09940754701,1820,1720,1715,232
"A16 | 08 | ",1720.51515151515,1731.45941594909,1720,1720,1680,33
"A17 | 03 | ",1758.34615384615,1779.22411397915,1820,1775,1775,13
"A17 | 04 | ",1729,1735.52359417819,1720,1720,1683,9
"A17 | 05 | ",1730.22,1734.34998389418,1720,1720,1670,50
"A17 | 06 | ",1701,1701,1600,1600,1600,5
"A17 | 07 | ",1715.63235294118,1725.09489247614,1720,1680,1680,34
"A18 | 05 | ",1736.8125,1734.40408383265,1720,1670,1670,32
"A18 | 06 | ",1728.30555555556,1731.16282891764,1720,1683,1683,36
"A18 | 07 | ",1724.80487804878,1733.72267891617,1820,1720,1720,41
"A18 | 08 | ",1703.57142857143,1708.18638254074,1670,1670,1600,7
"A19 | 01 | ",1880,1884.74012474012,1820,1820,1820,5
"A19 | 03 | ",1731.04545454545,1746.89063401861,1775,1720,1720,33
"A19 | 04 | ",1733.75490196078,1748.00351269604,1775,1720,1720,51
"A19 | 05 | ",1729.59459459459,1743.60282476697,1740,1720,1720,37
"A19 | 0708 | ",1716.64,1726.0637593896,1715,1680,1670,25
"A20 | 03 | ",1753.46428571429,1765.38072209518,1820,1775,1775,14
"A20 | 04 | ",1732.79545454545,1748.43631915508,1820,1740,1720,22
"A20 | 05 | ",1740.6,1751.68555512086,1762,1740,1720,45
"A21 | 0102 | ",1819.16666666667,1800.52249514899,1820,1820,1820,6
"A21 | 03 | ",1727.35,1741.63132171024,1720,1720,1720,20
"A21 | 04 | ",1732.28571428571,1739.49970192708,1720,1720,1670,7
"A21 | 05 | ",1751.38888888889,1751.93420444315,1720,1720,1720,9
"A21 | 07 | ",1732.82716049383,1746.73410036579,1720,1720,1720,81
"A22 | 0102 | ",1825.53571428571,1805.16930022573,1820,1820,1820,14
"A22 | 03 | ",1713.78571428571,1719.13563463722,1683,1670,1670,14
"A22 | 04 | ",1736.91176470588,1748.55244646814,1740,1720,1720,34
"A22 | 05 | ",1725.21428571429,1745.7315013313,1725,1725,1720,7
"A22 | 06 | ",1719.4375,1730.95340222728,1720,1720,1670,8
"A22 | 07 | ",1714.13333333333,1725.2320054483,1720,1670,1670,15
"A22 | 0708 | ",1725,1721.66259168704,1670,1670,1670,7
"A23 | 03 | ",1729.81818181818,1735.81878066367,1720,1670,1670,11
"A23 | 04 | ",1735.30434782609,1742.3783317387,1720,1720,1720,23
"A23 | 05 | ",1745.25,1745.46905401079,1660,1660,1660,8
"A23 | 06 | ",1715.9,1720.78301727167,1670,1670,1670,5
"A23 | 07 | ",1721.5,1730.60802617931,1720,1680,1680,18
"A24 | 03 | ",1740.4375,1754.7124408043,1740,1740,1720,8
"A24 | 04 | ",1735.175,1745.48413400348,1725,1725,1720,40
"A24 | 05 | ",1733.14285714286,1739.04378862459,1715,1715,1670,7
"A24 | 07 | ",1697.77777777778,1698.9386403034,1650,1650,1600,9
"A25 | 0506 | ",1721.45833333333,1736.85645347478,1720,1720,1720,12
"A25 | 06 | ",1708.875,1715.65945095177,1670,1670,1670,8
"A25 | 07 | ",1728.91666666667,1732.54369244702,1683,1683,1670,6
"B00 | 01 | ",1836.66666666667,1815.5784092196,1820,1820,1820,18
"B00 | 02 | ",1772.41666666667,1792.29997409622,1820,1820,1820,18
"B00 | 03A | ",1756,1777.58067846912,1820,1775,1775,51
"B00 | 03B | ",1746.609375,1759.21238749862,1775,1720,1720,32
"B00 | 04 | ",1747.45384615385,1755.29664641773,1740,1720,1720,65
"B00 | 06 | ",1744.07142857143,1747.37437109356,1720,1720,1670,7
"B00 | 07 | ",1728.57692307692,1747.03392329224,1740,1720,1720,13
"B01 | 01 | ",1746.8115942029,1764.34263701664,1820,1775,1762,69
"B01 | 02 | ",1804.78787878788,1800.06317796914,1830,1820,1820,33
"B01 | 03A | ",1738.57317073171,1766.47986763536,1820,1775,1775,41
"B01 | 03B | ",1722.125,1732.49109113311,1720,1720,1715,20
"B01 | 04 | ",1732.97368421053,1746.10642182161,1740,1720,1720,19
"B01 | 05 | ",1734.90625,1738.48149267488,1720,1715,1670,16
"B02 | 01 | ",1807.46226415094,1788.94881056353,1820,1820,1820,53
"B02 | 03A | ",1744.5,1761.94389402897,1820,1775,1775,42
"B02 | 04 | ",1734.14329268293,1743.42750329113,1775,1720,1720,164
"B02 | 05 | ",1735.02601156069,1738.87417246505,1820,1720,1720,173
"B02 | 06 | ",1731.68,1736.0682742742,1720,1720,1680,50
"B02 | 07 | ",1730.73979591837,1735.40786713211,1720,1720,1680,98
"B02 | 08 | ",1720.22222222222,1733.0322831405,1720,1715,1680,18
"B02 | PII | ",1824,1789.7483395392,1820,1820,1820,8
"B03 | 01 | ",1822.23913043478,1800.32688161587,1820,1820,1820,23
"B03 | 02 | ",1821.88235294118,1800.43377282895,1820,1820,1820,34
"B03 | 03A | ",1753.94047619048,1763.23030907263,1820,1820,1775,42
"B03 | 03B | ",1736.5625,1745.37365479178,1830,1720,1720,96
"B03 | 04 | ",1744.95939086294,1753.96004877839,1820,1720,1720,197
"B03 | 05 | ",1735.82843137255,1738.55222321041,1820,1720,1690,102
"B03 | 06 | ",1734.37096774194,1733.96366276831,1820,1715,1680,62
"B03 | 07 | ",1728.984375,1731.41600345793,1720,1715,1680,32
"B03 | 08 | ",1727.68181818182,1731.35752014478,1820,1715,1680,44
"B04 | 02 | ",1802.14285714286,1788.50232383565,1820,1820,1820,14
"B04 | 03A | ",1735.15243902439,1758.715920427,1820,1775,1762,82
"B04 | 03B | ",1730.84615384615,1736.4465955597,1720,1720,1680,65
"B04 | 04 | ",1739.19318181818,1748.45850952853,1720,1720,1720,44
"B04 | 05 | ",1740.62019230769,1752.17384950934,1740,1720,1720,104
"B04 | 06 | ",1728.703125,1734.78441450295,1720,1683,1683,32
"B04 | 07 | ",1720.07183908046,1727.29457009224,1720,1680,1680,174
"B04 | 08 | ",1711.64285714286,1717.43970104698,1670,1670,1670,21
"B04 | 09 | ",1729.95454545455,1738.38832706442,1720,1720,1720,11
"B05 | 01 | ",1804.11111111111,1782.73980312507,1820,1820,1820,9
"B05 | 02 | ",1826.92857142857,1783.44807479178,1820,1820,1820,21
"B05 | 03A | ",1743.87804878049,1741.07418575149,1820,1820,1720,41
"B05 | 03B | ",1730.93846153846,1740.5220456952,1740,1720,1715,65
"B05 | 04 | ",1731.19285714286,1743.89609288164,1740,1720,1720,70
"B05 | 05 | ",1728.80530973451,1737.93777080425,1740,1720,1720,113
"B05 | 06 | ",1732.71354166667,1738.19096458654,1820,1720,1720,96
"B05 | 07 | ",1720.46478873239,1728.34563619707,1720,1680,1680,71
"B05 | 08 | ",1714.76388888889,1721.05558071783,1680,1680,1670,36
"B06 | 0102 | ",1807.41071428571,1796.39954814255,1820,1820,1820,28
"B06 | 03A | ",1757.08064516129,1769.16229789842,1820,1820,1775,31
"B06 | 03B | ",1737.55660377358,1757.66498908819,1775,1762,1740,53
"B06 | 04 | ",1734.30769230769,1742.22429070665,1820,1720,1720,195
"B06 | 05 | ",1732.65517241379,1734.05353047168,1820,1715,1670,116
"B06 | 06 | ",1729.56329113924,1732.64159523773,1720,1680,1670,79
"B06 | 07 | ",1723.57142857143,1726.38470770608,1680,1670,1670,14
"B07 | 0102 | ",1806.32442748092,1797.55274313925,1820,1820,1820,131
"B07 | 03 | ",1752.22131147541,1769.09269404748,1820,1820,1775,61
"B07 | 04 | ",1728.73611111111,1740.66475336914,1740,1720,1720,36
"B07 | 05 | ",1739.60280373832,1745.18863638824,1740,1720,1720,107
"B07 | 06 | ",1733.98717948718,1734.72544253236,1720,1670,1670,39
"B07 | 07 | ",1729.22727272727,1736.62244307422,1720,1715,1670,22
"B08 | 03A | ",1774.41592920354,1785.8225973078,1820,1820,1775,113
"B08 | 03B | ",1743.71578947368,1757.32240254245,1820,1762,1762,95
"B08 | 04 | ",1737.52884615385,1747.85241521672,1740,1720,1720,52
"B08 | 05 | ",1731.27692307692,1743.37542799624,1740,1720,1720,65
"B08 | 06 | ",1728.04225352113,1737.3961751905,1720,1720,1720,71
"B08 | 07 | ",1725.125,1730.72303937856,1720,1720,1680,24
"B09 | 0102 | ",1826.67647058824,1803.82441368056,1820,1820,1820,17
"B09 | 03A | ",1797.25581395349,1792.79079678831,1820,1820,1820,86
"B09 | 03B | ",1772.81395348837,1784.36556226542,1820,1820,1775,43
"B09 | 04 | ",1737.27083333333,1755.30520495401,1775,1762,1720,48
"B09 | 05 | ",1741.92647058824,1747.61365455502,1820,1720,1720,34
"B09 | 06 | ",1732.825,1741.7832400292,1762,1720,1715,40
"B10 | 0102 | ",1797.65151515152,1796.0996956778,1820,1820,1775,66
"B10 | 03A | ",1734.27184466019,1748.39117870736,1820,1740,1720,103
"B10 | 04 | ",1737.65168539326,1747.85702310826,1740,1720,1720,89
"B10 | 05 | ",1730.48387096774,1732.21801614849,1715,1680,1680,31
"B10 | 06 | ",1736.55882352941,1738.97256605057,1820,1720,1683,34
"B10 | 07 | ",1718.73529411765,1722.39417064079,1720,1670,1670,17
"B11 | 0304 | ",1741.18181818182,1759.47005507453,1762,1720,1720,11
"B11 | 03A | ",1802.27777777778,1796.21133900198,1820,1820,1775,18
"B12 | 0102 | ",1855.29166666667,1810.22187829973,1820,1820,1820,36
"B12 | 03 | ",1738.2,1735.80379040665,1820,1720,1720,15
"B12 | 04 | ",1728.46568627451,1745.76416930138,1775,1740,1720,102
"B12 | 05 | ",1726.39,1738.65919767763,1740,1720,1715,50
"B12 | 06 | ",1737.82142857143,1742.73455684454,1720,1720,1720,14
"B12 | 07 | ",1716.70560747664,1725.88625048699,1720,1683,1680,214
"B12 | 08 | ",1716.78125,1719.27373029281,1680,1670,1670,32
"B13 | 0102 | ",1809.31034482759,1784.77534107273,1820,1820,1820,29
"B13 | 03A | ",1735.07407407407,1736.79052168893,1820,1720,1680,27
"B13 | 03B | ",1730.0325203252,1741.54192752203,1820,1725,1720,123
"B13 | 04 | ",1735.30681818182,1744.63270179591,1740,1720,1720,132
"B13 | 05 | ",1739.00735294118,1749.66585984621,1725,1720,1720,68
"B13 | 06 | ",1731.73913043478,1744.06824404398,1725,1725,1725,69
"B13 | 07 | ",1720.96232876712,1732.86121339994,1740,1720,1680,146
"B14 | 0102 | ",1789.46153846154,1780.51649732468,1820,1820,1820,78
"B14 | 03A | ",1722.66037735849,1732.36429249178,1725,1715,1683,106
"B14 | 03B | ",1725.33333333333,1742.88286055505,1740,1720,1720,81
"B14 | 04 | ",1731.34615384615,1740.14575935918,1820,1725,1720,91
"B14 | 05 | ",1732.00446428571,1744.23525842648,1750,1725,1720,112
"B14 | 06 | ",1735.10810810811,1742.40063678512,1720,1720,1720,37
"B14 | 07 | ",1721.80057803468,1731.82557791998,1720,1720,1680,173
"B15 | 0102 | ",1783.35714285714,1795.58182229343,1820,1820,1775,7
"B15 | 03A | ",1724.07142857143,1723.99349574576,1680,1680,1680,7
"B15 | 04 | ",1724.91666666667,1727.14742907938,1670,1670,1670,6
"B15 | 06 | ",1737.14285714286,1732.11822660099,1680,1680,1670,7
"B15 | 07 | ",1717.33333333333,1730.90056519064,1720,1720,1720,21
"B15 | 08 | ",1721.92307692308,1736.02545775542,1720,1715,1715,13
"B16 | 0102 | ",1771.40566037736,1774.22682780025,1820,1820,1820,53
"B16 | 03A | ",1734.08181818182,1747.62658723558,1820,1725,1720,55
"B16 | 03B | ",1733.76530612245,1740.77251712079,1820,1720,1720,49
"B16 | 04 | ",1734.80821917808,1742.58924546045,1725,1720,1720,73
"B16 | 05 | ",1730.53645833333,1741.74421949799,1740,1720,1720,96
"B16 | 06 | ",1726.74242424242,1739.39590093148,1740,1720,1680,33
"B16 | 08 | ",1708.25,1703.77993797669,1670,1670,1670,6
"B17 | 0102 | ",1751.31818181818,1764.12646954293,1820,1775,1775,11
"B17 | 03A | ",1740.875,1744.19819301748,1820,1720,1720,20
"B17 | 03B | ",1723.73529411765,1733.87012329727,1720,1715,1670,17
"B17 | 05 | ",1728.70512820513,1738.70101893612,1720,1720,1720,39
"B17 | 06 | ",1721.375,1729.05542278108,1720,1680,1670,16
"B17 | 07 | ",1722.09649122807,1727.57820431016,1715,1680,1680,57
"B17 | 08 | ",1712.27777777778,1715.9480247158,1670,1670,1670,9
"B18 | 0102 | ",1786.02702702703,1785.72753635272,1820,1820,1820,37
"B18 | 03A | ",1740.65909090909,1752.93846116404,1820,1762,1720,22
"B18 | 04 | ",1728.75,1737.1542245171,1720,1720,1720,20
"B18 | 05 | ",1741.10227272727,1748.62847040796,1820,1720,1720,44
"B18 | 06 | ",1718.26470588235,1738.67116669764,1720,1720,1720,17
"B18 | 07 | ",1723.81818181818,1737.73326648192,1720,1720,1720,22
"B19 | 03A | ",1727.46,1739.22300909786,1720,1720,1715,25
"B19 | 03B | ",1721.625,1745.96304695258,1740,1720,1720,20
"B19 | 04 | ",1731,1742.81558341639,1720,1720,1720,23
"B19 | 05 | ",1740.80434782609,1747.05796315033,1720,1720,1720,23
"B19 | 06 | ",1728.63636363636,1742.57975428303,1720,1720,1720,11
"B19 | 07 | ",1718.2962962963,1729.34209845452,1715,1715,1670,27
"B20 | 0102 | ",1840.81818181818,1807.40300702972,1820,1820,1820,33
"B20 | 02 | ",1847.7,1806.2366525888,1820,1820,1820,10
"B20 | 03A | ",1732.53787878788,1750.10563802282,1820,1775,1725,66
"B20 | 03B | ",1737.225,1743.35762002154,1820,1720,1720,40
"B20 | 04 | ",1729.59090909091,1742.05049698921,1720,1720,1720,33
"B20 | 05 | ",1732.75806451613,1745.09563319282,1762,1720,1720,124
"B20 | 06 | ",1727.97674418605,1736.12832625257,1720,1715,1715,43
"B20 | 07 | ",1728.11728395062,1739.93653514373,1720,1720,1720,81
"B21 | 01 | ",1831.5,1805.23966503221,1820,1820,1820,5
"B21 | 02 | ",1758.32692307692,1777.00157131411,1820,1820,1775,26
"B21 | 03A | ",1738.86842105263,1742.42184201626,1725,1720,1715,19
"B21 | 04A | ",1735.33888888889,1747.05386158908,1820,1720,1720,90
"B21 | 04B | ",1734.22222222222,1748.84996970184,1775,1720,1720,36
"B21 | 05 | ",1734.29285714286,1742.66400871966,1740,1720,1720,140
"B21 | 06 | ",1725.97272727273,1736.72088061387,1720,1720,1715,55
"B21 | 07 | ",1723.25,1727.93306745512,1715,1680,1670,52
"B22 | 01 | ",1792.625,1771.05052877036,1820,1820,1820,8
"B22 | 02 | ",1815.59375,1794.48881427287,1820,1820,1820,16
"B22 | 03 | ",1793,1786.15133916688,1820,1820,1820,27
"B22 | 04 | ",1742.46564885496,1759.86303560917,1820,1775,1762,131
"B22 | 05 | ",1743.35507246377,1751.79609295171,1820,1720,1720,69
"B22 | 06 | ",1726.453125,1730.70363843749,1720,1670,1670,32
"B22 | 07 | ",1718.76666666667,1726.02957415422,1720,1680,1670,30
"B23 | 0102 | ",1747.41666666667,1770.26381276979,1762,1762,1660,6
"B23 | 03 | ",1722.02941176471,1736.70275360477,1720,1720,1715,17
"B23 | 03A | ",1731.96153846154,1741.34431596826,1720,1720,1720,13
"B23 | 03B | ",1717.78571428571,1721.3785863051,1670,1670,1670,7
"B23 | 04 | ",1718.1875,1723.36214352618,1670,1670,1670,8
"B23 | 05 | ",1726.375,1740.11731974493,1720,1720,1720,12
"B23 | 06 | ",1721.53846153846,1743.12090545157,1725,1725,1725,13
"B24 | 03B | ",1756.4,1756.51839118182,1820,1820,1740,5
"B24 | 05 | ",1729,1735.52359417819,1720,1720,1683,9
"C00 | 01 | ",1867.43697478992,1816.81640475754,1830,1820,1820,119
"C00 | 02 | ",1785.90441176471,1788.32115066637,1830,1820,1820,68
"C01 | 01 | ",1895.60119047619,1854.72400309491,1830,1820,1820,84
"C01 | 02 | ",1805.24324324324,1798.85893531613,1840,1820,1820,111
"C02 | 01 | ",1880.92105263158,1833.99926595818,1840,1830,1830,133
"C02 | 02 | ",1812.27304964539,1798.99887894082,1830,1820,1820,141
"C03 | 01 | ",1875.88582677165,1829.26830666046,1840,1820,1820,127
"C03 | 02 | ",1819.14117647059,1800.16955297327,1820,1820,1820,85
"C04 | 01 | ",1876.40217391304,1824.98781057142,1820,1820,1820,46
"D00 | 03 | ",1746.2,1745.6504236937,1820,1820,1715,5
"D00 | 05 | ",1837.08823529412,1802.93853462053,1820,1820,1820,17
"D00 | 06 | ",1853.41304347826,1808.18183057514,1820,1820,1820,23
"D02 | 01 | ",1743.0875,1765.7099428248,1830,1820,1775,40
"D02 | 02 | ",1726.64705882353,1750.76424948916,1740,1740,1725,17
"D02 | 03 | ",1721.03448275862,1735.88110681685,1725,1720,1715,29
"D02 | 04 | ",1716.32352941176,1728.39779129645,1715,1670,1670,17
"D02 | 05 | ",1728.72916666667,1747.76638802755,1820,1775,1715,24
"D03 | 03 | ",1725,1726.97861330528,1670,1670,1670,10
"D03 | 04 | ",1728.05,1741.11931102803,1720,1720,1720,10
"D03 | 05 | ",1719.75,1726.38671250431,1680,1680,1680,8
"D05 | 01 | ",1728.95588235294,1748.49861102956,1820,1725,1720,34
"D05 | 02 | ",1742.36363636364,1743.01655657198,1720,1670,1670,11
"D05 | 03 | ",1757,1758.4,1660,1660,1660,10
"D05 | 04 | ",1704.92307692308,1699.15654233321,1670,1660,1660,13
"D05 | 05 | ",1715.85714285714,1734.82346321985,1725,1720,1715,21
"D06 | 01 | ",1748.88461538462,1767.70383748303,1820,1820,1775,26
"D06 | 02 | ",1723.87837837838,1729.6254674503,1720,1670,1670,37
"D06 | 03 | ",1712.54166666667,1716.02354461646,1670,1670,1670,12
"D06 | 04 | ",1731.45454545455,1732.38388911409,1820,1670,1670,33
"D06 | 05 | ",1713.01724137931,1711.58238482252,1680,1670,1670,29
"D07 | 01 | ",1730.7875,1739.38082441423,1820,1720,1683,40
"D07 | 02 | ",1719.71428571429,1742.99790907459,1740,1725,1720,21
"D07 | 03 | ",1733.08333333333,1729.95979610408,1670,1670,1670,12
"D07 | 04 | ",1727.9,1740.13428942603,1720,1720,1680,5
"D07 | 05 | ",1721.47435897436,1731.62501070215,1725,1720,1680,39
"D08 | 01 | ",1749.22,1777.4135862589,1820,1775,1775,25
"D08 | 02 | ",1712,1714.84850822252,1670,1670,1650,6
"D08 | 03 | ",1725.86666666667,1732.15314295257,1720,1720,1720,15
"D08 | 04 | ",1734.75,1739.93865732644,1725,1720,1670,46
"D08 | 05 | ",1717.98333333333,1714.59358388483,1670,1670,1670,30
"D09 | 01 | ",1778.62328767123,1782.65223653329,1820,1820,1820,73
"D09 | 02 | ",1753.08823529412,1762.70162398,1775,1720,1720,17
"D09 | 03 | ",1756.35,1763.39861536417,1820,1775,1720,20
"D09 | 04 | ",1729.640625,1734.10817649639,1720,1670,1670,32
"D09 | 05 | ",1726.54545454545,1748.56420620023,1740,1720,1720,22
"D10 | 01 | ",1726.38888888889,1739.10913586093,1725,1720,1720,18
"D10 | 02 | ",1734.55,1746.76132672823,1720,1720,1720,10
"D10 | 04 | ",1724.61538461538,1728.03503959851,1670,1670,1670,13
"D10 | 05 | ",1720.9375,1725.90512546053,1820,1680,1670,16
"D11 | 01 | ",1711.25,1733.62028623796,1720,1720,1600,6
"D11 | 02 | ",1728.47916666667,1735.0020961499,1720,1720,1680,24
"D11 | 03 | ",1710.32258064516,1721.10998604891,1720,1670,1670,31
"D11 | 04 | ",1716.85714285714,1733.04904497949,1762,1715,1715,28
"D12 | 01 | ",1738.32,1755.09604915597,1820,1820,1775,25
"D12 | 02 | ",1726.18,1749.92698455645,1762,1720,1720,25
"D12 | 03 | ",1720.66666666667,1720.92844607794,1660,1660,1660,6
"D12 | 04 | ",1717.33333333333,1729.10685630821,1720,1715,1670,27
"D12 | 05 | ",1719.86111111111,1725.32771117036,1715,1670,1670,18
"D14 | 04 | ",1716.71428571429,1721.85442390578,1720,1715,1715,14
"D14 | 05 | ",1724,1723.96902942986,1720,1680,1680,32
"D16 | 03 | ",1726.65,1740.31295141436,1720,1720,1720,10
"D16 | 05 | ",1707.5,1707.13801474228,1670,1670,1670,20
"E00 | 01 | ",1705.77777777778,1710.18705853401,1670,1670,1650,9
"E00 | 0102 | ",1736.17857142857,1743.15853301747,1720,1720,1720,14
"E00 | 03 | ",1725.78947368421,1732.76747307258,1720,1670,1670,19
"E00 | 04 | ",1723.24503311258,1737.01737159861,1725,1725,1725,151
"E00 | 05 | ",1711.93359375,1728.23399636258,1725,1720,1680,128
"E00 | 06 | ",1707.32608695652,1717.20428211255,1720,1670,1670,23
"E01 | 01 | ",1727.75,1734.42312615272,1820,1720,1720,32
"E01 | 02 | ",1733.18421052632,1737.38806855777,1720,1720,1720,19
"E01 | 03 | ",1728.63636363636,1739.86582914621,1820,1720,1715,33
"E01 | 04 | ",1725.02564102564,1741.25028164848,1740,1720,1720,39
"E01 | 05 | ",1714.09375,1720.42318542405,1680,1670,1670,16
"E01 | 06 | ",1725.75,1738.23049303011,1725,1715,1715,12
"E01 | 07 | ",1703.96875,1713.64086023169,1715,1670,1650,16
"E02 | 0102 | ",1715.975,1729.40819671621,1720,1720,1670,20
"E02 | 03 | ",1719.35294117647,1741.96247205358,1762,1715,1680,17
"E02 | 04 | ",1726.51515151515,1731.10564517653,1820,1680,1670,33
"E02 | 05 | ",1727.41666666667,1739.43229536235,1720,1720,1720,18
"E02 | 06 | ",1719.29545454545,1735.75414631977,1762,1720,1680,44
"E02 | 07 | ",1741.49264705882,1766.0608376012,1820,1820,1775,68
"E03 | 02 | ",1729.42307692308,1751.05807149947,1775,1720,1720,26
"E03 | 03 | ",1735.92857142857,1745.99369768672,1720,1720,1720,21
"E03 | 04 | ",1717.38839285714,1725.80929405858,1720,1683,1670,112
"E03 | 05 | ",1713.22935779817,1719.2304648692,1720,1670,1670,109
"E03 | 07 | ",1701.23684210526,1695.13207164598,1670,1670,1670,19
"E03 | 09 | ",1747.27941176471,1756.62521635571,1740,1740,1740,34
"E04 | 0102 | ",1778.96153846154,1788.89319183187,1820,1820,1820,13
"E04 | 07 | ",1711.83333333333,1722.8917088486,1720,1670,1670,18
"E05 | 0102 | ",1743.77083333333,1752.02018468609,1820,1775,1720,24
"E05 | 0304 | ",1728.83333333333,1739.77579045532,1720,1720,1720,24
"E05 | 0506 | ",1725.33333333333,1731.5851286285,1720,1680,1680,12
"E05 | 07A | ",1726.425,1733.54501615706,1725,1670,1670,20
"E05 | 07B | ",1715.57142857143,1731.33706459926,1720,1720,1680,7
"E05 | 09 | ",1713.48076923077,1714.43752936723,1670,1670,1650,26
"GT |  | ",1798.18181818182,1800.35639301707,1830,1820,1820,11
"GTW |  | ",1914.28571428571,1914.86973947896,1840,1840,1840,7
"HWK00 |  | 006",1740.84375,1775.14292630341,1762,1762,1762,16
"HWK00 | 07 | ",1817.85714285714,1804.14714448525,1820,1820,1775,7
"HWK02 | 02 | ",1830.10714285714,1803.73638993651,1840,1840,1840,14
"HWK02 | 03 | ",1793,1799.56405733056,1775,1775,1775,20
"HWK03 | 01 | ",1862.49425287356,1812.28709069266,1840,1840,1840,87
"HWK03 | 02 | ",1837.884765625,1805.50109451823,1840,1820,1820,256
"HWK03 | 03 | ",1787.16326530612,1793.84238039645,1840,1820,1775,49
"HWK04 | 01 | ",1849.54381443299,1810.65550062408,1840,1840,1840,194
"HWK04 | 02 | ",1801.8859375,1795.94353847694,1840,1840,1820,320
"HWK04 | 03 | ",1790.24242424242,1792.32801200454,1820,1820,1775,66
"HWK05 | 01 | ",1854.80182926829,1814.61208868856,1840,1840,1840,164
"HWK05 | 02 | ",1798.65447154472,1796.61708312227,1840,1820,1820,861
"HWK05 | 03 | ",1841.04545454545,1814.0324435718,1840,1840,1840,22
"HWK06 | 01 | ",1834.54113924051,1805.76587007134,1840,1840,1840,158
"HWK06 | 02 | ",1808.43569553806,1798.96143319331,1840,1840,1820,381
"HWK06 | 03 | ",1803.14864864865,1796.3565012066,1820,1820,1775,37
"HWK07 | 01 | ",1822.66666666667,1805.54425848439,1840,1840,1840,36
"HWK07 | 02 | ",1832.42434210526,1805.13520052863,1840,1840,1840,608
"HWK07 | 03 | ",1808.53017241379,1797.42054444207,1840,1840,1820,116
"HWK08 | 01 | ",1859.5,1811.64352060253,1820,1820,1820,13
"HWK08 | 02 | ",1808.64321192053,1798.61370496151,1840,1840,1820,604
"HWK09 | 01 | ",1863.19662921348,1813.8431256035,1840,1840,1840,89
"HWK09 | 02 | ",1867.3343373494,1820.36866106365,1840,1840,1840,166
"HWK09 | 03 | ",1796.8141025641,1794.7352726258,1840,1820,1775,78
"HWK10 | 01 | ",1818.85483870968,1799.25333997419,1840,1820,1820,62
"HWK10 | 02 | ",1795.84689922481,1795.57726979689,1840,1820,1775,258
"HWK10 | 03 | ",1801.66814159292,1797.60899340873,1820,1820,1820,113
"HWK11 | 01 | ",1835.37121212121,1806.94353951984,1840,1840,1840,66
"HWK11 | 02 | ",1796.69565217391,1797.13315896295,1820,1820,1775,23
"HWK11 | 03 | ",1794,1798.52525854226,1775,1775,1775,16
"HWK12 | 01 | ",1890.82608695652,1834.59248398963,1840,1840,1840,69
"HWK12 | 02 | ",1834.7343387471,1804.10731941285,1840,1840,1840,431
"HWK12 | 03 | ",1777.41379310345,1791.9457502027,1830,1775,1775,203
"HWK13 | 01 | ",1845.04838709677,1810.37587322661,1840,1840,1840,31
"HWK13 | 02 | ",1835.96832579186,1804.53660011532,1840,1840,1840,221
"HWK13 | 03 | ",1742.25862068966,1763.06635934533,1775,1762,1762,29
"HWK14 | 01 | ",1798.5625,1798.11046099999,1820,1775,1775,16
"HWK14 | 02 | ",1849.86633663366,1811.88639336288,1840,1840,1840,101
"HWK14 | 03 | ",1807.4512195122,1799.71494288467,1840,1840,1840,82
"HWK15 | 01 | ",1877.39224137931,1819.31490172921,1840,1840,1840,116
"HWK15 | 02 | ",1806.13055555556,1799.30911283076,1830,1820,1820,180
"HWK15 | 03 | ",1772.09375,1789.26174100907,1775,1775,1775,48
"HWK16 | 01 | ",1883.53846153846,1833.85456553098,1840,1840,1840,13
"HWK16 | 02 | ",1859.39252336449,1813.36562525047,1840,1840,1840,107
"HWK16 | 03 | ",1786.19932432432,1794.17527455187,1840,1775,1775,148
"HWK17 | 01 | ",1869.42142857143,1819.89682145351,1840,1840,1840,70
"HWK17 | 02 | ",1869.82291666667,1820.20137372812,1840,1840,1840,144
"HWK17 | 03 | ",1771.40625,1785.23359827247,1762,1762,1762,16
"HWK18 | 01 | ",1910.71296296296,1886.27932676653,1840,1840,1840,108
"HWK18 | 02 | ",1860.61666666667,1817.66458396731,1840,1840,1840,60
"HWK18 | 03 | ",1780.23958333333,1792.85271246699,1775,1775,1775,96
"HWK19 | 01 | ",1878.33333333333,1823.15688745603,1840,1840,1840,24
"HWK19 | 02 | ",1828.49107142857,1801.32003741112,1840,1840,1820,112
"HWK19 | 03 | ",1802.47402597403,1797.94644733973,1830,1820,1820,77
"HWK20 | 01 | ",1903.359375,1858.24693822009,1840,1840,1840,32
"HWK20 | 02 | ",1803.43131868132,1798.52554703208,1840,1820,1775,182
"HWK20 | 03 | ",1786.9362745098,1793.7729264322,1830,1775,1775,102
"HWK21 | 02 | ",1865.65,1815.65101123954,1840,1840,1840,20
"HWK21 | 03 | ",1787.70754716981,1793.66906742341,1830,1775,1775,53
"HWK22 | 01 | ",1874.96268656716,1823.92024611976,1840,1840,1840,67
"HWK23 | 02 | ",1920,1920,1840,1840,1840,6
"HWN01 | 01 | ",1791,1791,1762,1762,1762,12
"HWN02 | 01 | ",1855.75,1821.7493031226,1840,1840,1840,28
"HWN02 | 02 | ",1828.66666666667,1809.51069282942,1840,1840,1830,6
"HWN02 | 03 | ",1898.08823529412,1843.04221693914,1840,1840,1840,17
"HWN02 | 04 | ",1892.45669291339,1846.31741484639,1840,1840,1840,127
"HWN02 | 05 | ",1851.20652173913,1809.16835077408,1840,1840,1840,46
"HWN02 | 06 | ",1858.29365079365,1814.59594943346,1840,1840,1840,1008
"HWN02 | 07 | ",1797.03911900066,1793.42799292388,1840,1820,1775,1521
"HWN02 | 08 | ",1785.40703971119,1790.59918536035,1840,1775,1762,1108
"HWN02 | 09 | ",1777.08310626703,1787.00407361589,1830,1762,1762,1101
"HWN02 | 10 | ",1771.89438502674,1785.46714663016,1830,1762,1762,374
