Unit,Level,Feature,8,7,6,5,4,Total Frag,Mean Bore,Binford Date,,,
HWN I,,,,,8,39,4,51,5.078431373,1737.549216,,,Total sum of artifacts
HWN IB,,,,,,7,1,8,4.875,1745.3325,,,12181
HWN II,3,,,2,,2,,4,6,1702.29,,,
HWN II,4,,,,1,5,1,7,5,1740.55,,,
HWN II,5,,,,1,1,,2,5.5,1721.42,,,
HWN II,1,,,,1,,,1,6,1702.29,,,
HWN II,6,,,,5,29,3,37,5.054054054,1738.481892,,,
HWN II,7,,,,1,,,1,6,1702.29,,,
HWN II,8,,,,4,26,,30,5.133333333,1735.448667,,,
HWN II,9,,,,,22,,22,5,1740.55,,,
HWN II,10,,,,,40,,40,5,1740.55,,,
HWK I,,,,,14,11,2,27,5.444444444,1723.545556,,,
HWK II,,,,,13,36,3,52,5.192307692,1733.192308,,,
HWK II,3,,,,2,7,4,13,4.846153846,1746.436154,,,
HWK III,,,,,14,7,,21,5.666666667,1715.043333,,,
HWK III,2,,,,14,50,4,68,5.147058824,1734.923529,,,
HWK III,3,,,,3,9,,12,5.25,1730.985,,,
HWK IV,,,,,6,26,1,33,5.151515152,1734.75303,,,
HWK IV,2,,,,10,55,1,66,5.136363636,1735.332727,,,
HWK V,,,,,12,14,2,28,5.357142857,1726.885714,,,
HWK V,2,,,1,20,105,1,127,5.165354331,1734.223543,,,
HWK V,3,,,,1,7,,8,5.125,1735.7675,,,
HWK VI,,,,,16,20,2,38,5.368421053,1726.454211,,,
HWK VI,2,,,,11,32,1,44,5.227272727,1731.854545,,,
HWK VII,1,,,,4,2,1,7,5.428571429,1724.152857,,,
HWK VII,2,,,,23,46,,69,5.333333333,1727.796667,,,
HWK VIII,2,,,,19,40,1,60,5.3,1729.072,,,
HWK VII,3,,,,5,27,,32,5.15625,1734.571875,,,
HWK IX,1,,,,,3,,3,5,1740.55,,,
HWK IX,2,,,,11,12,3,26,5.307692308,1728.777692,,,
HWK IX,3,,,,,9,1,10,4.9,1744.376,,,
HWK X,,,,,3,3,,6,5.5,1721.42,,,
HWK X,2,,,,1,17,,18,5.055555556,1738.424444,,,
HWK X,3,,,,2,20,,22,5.090909091,1737.071818,,,
HWK XI,1,,,,1,4,,5,5.2,1732.898,,,
HWK XI,1,,,,1,4,,5,5.2,1732.898,,,
HWK XI,2,,,,,3,,3,5,1740.55,,,
HWK XI,3,,,,,1,,1,5,1740.55,,,
HWK XII,1,,,,1,,,1,6,1702.29,,,
HWK XII,2,,,,4,16,,20,5.2,1732.898,,,
HWK XII,3,,,,3,31,1,35,5.057142857,1738.363714,,,
HWK XIII,1,,,,,3,,3,5,1740.55,,,
HWK XIII,2,,,,8,17,4,29,5.137931034,1735.272759,,,
HWK XIII,3,,,,,1,,1,5,1740.55,,,
HWK XIV,2,,,,3,6,1,10,5.2,1732.898,,,
HWK XIV,3,,,,1,12,2,15,4.933333333,1743.100667,,,
HWK XV,2,,,,4,20,2,26,5.076923077,1737.606923,,,
HWK XV,3,,,,1,20,2,23,4.956521739,1742.213478,,,
HWK XVI,1,,,,1,,,1,6,1702.29,,,
HWK XVI,2,,,,,3,,3,5,1740.55,,,
HWK XVI,3,,,,,3,1,4,4.75,1750.115,,,
HWK XVII,1,,,,1,2,,3,5.333333333,1727.796667,,,
HWK XVII,2,,,,4,2,1,7,5.428571429,1724.152857,,,
HWK XVII,3,,,,,3,1,4,4.75,1750.115,,,
HWK XVIII,2,,,,,4,,4,5,1740.55,,,
HWK XVIII,2,,,,,4,,4,5,1740.55,,,
HWK XVIII,3,,,,2,12,1,15,5.066666667,1737.999333,,,
HWK XIX,1,,,,2,1,,3,5.666666667,1715.043333,,,
HWK XIX,2,,,,1,6,,7,5.142857143,1735.084286,,,
HWK XIX,3,,,,,8,1,9,4.888888889,1744.801111,,,
HWK XX,2,,,1,2,18,,21,5.19047619,1733.262381,,,
HWK XX,3,,,,6,8,1,15,5.333333333,1727.796667,,,
HWK XXI,2,,,,,1,,1,5,1740.55,,,
HWK XXI,3,,,,3,6,,9,5.333333333,1727.796667,,,
HWK XXII,1,,,,3,5,2,10,5.1,1736.724,,,
HWK,,3,,1,6,8,,15,5.533333333,1720.144667,,,
HWK,,4,,,1,9,1,11,5,1740.55,,,
HWK,,5,,,,1,,1,5,1740.55,,,
HWK,,7,,2,34,381,19,436,5.043577982,1738.882706,,,
HWK,,7L,,5,21,42,2,70,5.414285714,1724.699429,,,
HWK,,8,,,,14,,14,5,1740.55,,,
A,2,,,,,5,,5,5,1740.55,,,
A,31,,,1,6,7,,14,5.571428571,1718.687143,,,
A,4,,,,5,14,5,24,5,1740.55,,,
A,5,,,,8,14,1,23,5.304347826,1728.905652,,,
A,6,,,,3,15,1,19,5.105263158,1736.522632,,,
A,7,,,3,6,5,,14,5.857142857,1707.755714,,,
A,8,,1,,7,4,,12,5.833333333,1708.666667,,,
A1,1,,,,,1,,1,5,1740.55,,,
A1,3a,,,1,6,10,,17,5.470588235,1722.545294,,,
A1,4,,,1,2,8,2,13,5.153846154,1734.663846,,,
A1,5,,,,3,10,4,17,4.941176471,1742.800588,,,
A1,6,,,1,7,10,2,20,5.35,1727.159,,,
A1,7,,,1,12,9,,22,5.636363636,1716.202727,,,
A1,8,,,4,3,4,,11,6,1702.29,,,
A2,1,,,,1,,1,2,5,1740.55,,,
A2,2,,,,1,2,,3,5.333333333,1727.796667,,,
A2,3a,,,2,14,15,1,32,5.53125,1720.224375,,,
A2,3b,,,2,10,10,1,23,5.565217391,1718.924783,,,
A2,4,,,2,13,51,12,78,5.064102564,1738.097436,,,
A2,5,,,,9,18,2,29,5.24137931,1731.314828,,,
A2,6,,,1,12,15,,28,5.5,1721.42,,,
A2,7,,1,2,24,13,,40,5.775,1710.8985,,,
A2,9,,,5,1,1,,7,6.571428571,1680.427143,,,
A3,1,,,,2,1,,3,5.666666667,1715.043333,,,
A3,2,,,1,,3,,4,5.5,1721.42,,,
A3,3a,,,3,8,10,4,25,5.4,1725.246,,,
A3,3b,,,1,4,19,7,31,4.967741935,1741.784194,,,
A3,4,,,1,5,51,48,105,4.60952381,1755.489619,,,
A3,5,,,1,2,31,8,42,4.904761905,1744.19381,,,
A3,6,,,,,4,1,5,4.8,1748.202,,,
A3,7,,,2,23,15,4,44,5.522727273,1720.550455,,,
A3,8,,,2,17,9,2,30,5.633333333,1716.318667,,,
A3,9,,,3,5,,,8,6.375,1687.9425,,,
A4,1,,,,1,,,1,6,1702.29,,,
A4,2,,,,2,4,1,7,5.142857143,1735.084286,,,
A4,3a,,,,11,4,,15,5.733333333,1712.492667,,,
A4,3b,,,2,12,10,5,29,5.379310345,1726.037586,,,
A4,4,,,,4,17,5,26,4.961538462,1742.021538,,,
A4,5,,,,,19,2,21,4.904761905,1744.19381,,,
A4,6,,,,10,12,,22,5.454545455,1723.159091,,,
A4,7,,,2,10,7,,19,5.736842105,1712.358421,,,
A4,8,,,1,4,1,,6,6,1702.29,,,
A5,1,,,,2,,,2,6,1702.29,,,
A5,2,,,1,6,5,1,13,5.538461538,1719.948462,,,
A5,3a,,,2,15,5,,22,5.863636364,1707.507273,,,
A5,4,,,1,3,3,,7,5.714285714,1713.221429,,,
A5,5,,1,,,26,,27,5.111111111,1736.298889,,,
A5,6,,,9,8,2,,19,6.368421053,1688.194211,,,
A5,7,,,1,10,11,1,23,5.47826087,1722.251739,,,
A5,8,,,3,21,2,,26,6.038461538,1700.818462,,,
A6,2,,,,,1,,1,5,1740.55,,,
A6,3a,,,,5,7,1,13,5.307692308,1728.777692,,,
A6,3b,,,3,10,5,,18,5.888888889,1706.541111,,,
A6,4,,,1,2,14,3,20,5.05,1738.637,CHECK A6 two pages,,
A6,5,,,4,8,15,2,29,5.482758621,1722.079655,,,
A6,6,,,,1,17,4,22,4.863636364,1745.767273,,,
A6,7,,,,8,8,1,17,5.411764706,1724.795882,,,
A6,8,,,3,21,5,,29,5.931034483,1704.928621,,,
A6,9,,,2,14,3,,19,5.947368421,1704.303684,,,
A7,2,,,,,2,,2,5,1740.55,,,
A7,3a,,,2,23,16,3,44,5.545454545,1719.680909,,,
A7,3b,,,,13,28,5,46,5.173913043,1733.896087,,,
A7,4,,,1,4,61,6,72,5,1740.55,,,
A7,5,,,,5,15,,20,5.25,1730.985,,,
A7,6,,,,3,20,,23,5.130434783,1735.559565,,,
A7,7,,,3,8,37,1,49,5.265306122,1730.399388,,,
A7,8,,,,5,2,,7,5.714285714,1713.221429,,,
A8,3a,,,2,7,1,,10,6.1,1698.464,,,
A8,3b,,,,2,1,,3,5.666666667,1715.043333,,,
A8,4,,,,1,6,2,9,4.888888889,1744.801111,,,
A8,5,,,,,1,1,2,4.5,1759.68,,,
A8,6,,,,,3,,3,5,1740.55,,,
A8,7,,,,8,9,,17,5.470588235,1722.545294,,,
A8,8,,,,5,17,,22,5.227272727,1731.854545,,,
A9,1,,,,,2,,2,5,1740.55,,,
A9,2,,,1,4,18,2,25,5.16,1734.4284,,,
A9,3a,,,,,4,3,7,4.571428571,1756.947143,,,
A9,3b,,,,1,1,1,3,5,1740.55,,,
A9,4,,,,1,4,,5,5.2,1732.898,,,
A9,5,,,1,1,17,,19,5.157894737,1734.508947,,,
A9,6,,,,2,11,,13,5.153846154,1734.663846,,,
A9,7,,,,3,1,,4,5.75,1711.855,,,
A9,8,,,,2,1,,3,5.666666667,1715.043333,,,
A10,1 and 2,,,1,,3,,4,5.5,1721.42,,,
A10,2,,,,4,6,,10,5.4,1725.246,,,
A10,3a,,,,6,4,2,12,5.333333333,1727.796667,,,
A10,3b,,,,4,3,2,9,5.222222222,1732.047778,,,
A10,5,,,,5,10,,15,5.333333333,1727.796667,,,
A10,6,,,,7,15,,22,5.318181818,1728.376364,,,
A10,7,,,2,9,6,,17,5.764705882,1711.292353,,,
A10,8,,,1,3,4,,8,5.625,1716.6375,,,
A11,1 and 2,,,,3,7,,10,5.3,1729.072,,,
A11,3a,,,3,11,21,4,39,5.333333333,1727.796667,,,
A11,3b,,,,,2,,2,5,1740.55,,,
A11,4,,,,7,30,3,40,5.1,1736.724,Transcription confusing,,
A11,5,,,,3,32,,35,5.085714286,1737.270571,,,
A11,6,,,,9,27,,36,5.25,1730.985,,,
A11,7,,,7,11,8,,26,5.961538462,1703.761538,,,
A12,1 and 2,,,,1,,,1,6,1702.29,,,
A12,3a,,,7,21,24,,52,5.673076923,1714.798077,,,
A12,3b,,,,1,10,2,13,4.923076923,1743.493077,,,
A12,4,,,5,,33,5,43,5.11627907,1736.101163,,,
A12,5,,,1,8,26,,35,5.285714286,1729.618571,,,
A12,6,,,1,,22,,23,5.086956522,1737.223043,,,
A12,7,,,3,27,57,,87,5.379310345,1726.037586,,,
A12,8,,,3,17,5,,25,5.92,1705.3508,,,
A12,9,,,,1,,,1,6,1702.29,,,
A13,1 and 2,,,,2,,,2,6,1702.29,,,
A13,3a,,,,,1,,1,5,1740.55,,,
A13,4,,,1,1,6,,8,5.375,1726.2025,,,
A13,5,,,,,13,,13,5,1740.55,,,
A13,7,,,,4,5,,9,5.444444444,1723.545556,,,
A13,8,,,1,3,6,,10,5.5,1721.42,,,
A14,3a,,,5,8,21,1,35,5.485714286,1721.966571,,,
A14,4,,,3,5,11,1,20,5.5,1721.42,,,
A14,5,,,,6,37,5,48,5.020833333,1739.752917,,,
A14,6,,,,5,28,,33,5.151515152,1734.75303,,,
A14,7,,,,6,23,,29,5.206896552,1732.634138,,,
A14,8,,1,4,16,8,,29,5.931034483,1704.928621,,,
A15,3a,,,1,13,25,1,40,5.35,1727.159,,,
A15,4,,,,1,5,,6,5.166666667,1734.173333,,,
A15,5,,,,1,6,3,10,4.8,1748.202,,,
A15,6,,,,,5,,5,5,1740.55,,,
A15,7,,,,,1,,1,5,1740.55,,,
A15,8,,,,,2,,2,5,1740.55,,,
A16,1  and 2,,,,1,,,1,6,1702.29,,,
A16,3a,,,2,5,21,1,29,5.275862069,1729.995517,Confusing transcription,,
A16,5,,,,6,26,1,33,5.151515152,1734.75303,,,
A16,6,,,,5,13,,18,5.277777778,1729.922222,,,
A16,7,,,,11,30,,41,5.268292683,1730.285122,,,
A16,8,,1,2,10,3,,16,6.0625,1699.89875,,,
A17,3a,,,,2,2,,4,5.5,1721.42,,,
A17,5,,,,2,7,,9,5.222222222,1732.047778,,,
A17,6,,,1,4,8,,13,5.461538462,1722.891538,,,
A17,7,,1,3,5,7,,16,5.875,1707.0725,,,
A17,8,,1,,,,1,2,6,1702.29,,,
A18,5,,,,1,6,,7,5.142857143,1735.084286,,,
A18,6,,,,2,3,,5,5.4,1725.246,,,
A18,7,,,,5,10,,15,5.333333333,1727.796667,,,
A18,8,,,1,1,,,2,6.5,1683.16,,,
A19,3a,,,2,4,6,,12,5.666666667,1715.043333,,,
A19,4,,,,3,21,4,28,4.964285714,1741.916429,,,
A19,5,,,,1,21,4,26,4.884615385,1744.964615,,,
A19,6,,,,1,3,,4,5.25,1730.985,,,
A19,7 and 8,,,,3,4,,7,5.428571429,1724.152857,,,
A20,3a,,,1,4,9,,14,5.428571429,1724.152857,,,
A20,4,,,,2,8,,10,5.2,1732.898,,,
A20,5,,,,,13,2,15,4.866666667,1745.651333,,,
A21,3,,,1,3,3,,7,5.714285714,1713.221429,,,
A21,4,,,,,1,,1,5,1740.55,,,
A21,5,,,,,2,,2,5,1740.55,,,
A21,7,,,1,5,18,1,25,5.24,1731.3676,,,
A21,8,,,2,,1,,3,6.333333333,1689.536667,,,
A22,1 and 2,,,,,1,,1,5,1740.55,,,
A22,3a,,,,2,5,,7,5.285714286,1729.618571,,,
A22,4,,,,4,4,,8,5.5,1721.42,,,
A22,5,,,,,3,,3,5,1740.55,,,
A22,6,,,,,1,,1,5,1740.55,,,
A22,7 and 8,,,2,4,4,,10,5.8,1709.942,,,
A23,3,,,1,,1,,2,6,1702.29,,,
A23,4,,,,2,3,1,6,5.166666667,1734.173333,,,
A23,5,,,,1,3,,4,5.25,1730.985,,,
A23,6,,,,,5,,5,5,1740.55,,,
A23,7,,,,2,4,,6,5.333333333,1727.796667,,,
A23,8,,,,,1,,1,5,1740.55,,,
A24,3,,,,2,3,,5,5.4,1725.246,,,
A24,4,,,,,8,4,12,4.666666667,1753.303333,,,
A24,5,,,,,5,1,6,4.833333333,1746.926667,,,
A24,8,,,,1,1,,2,5.5,1721.42,,,
A25,1 and 2,,,,,1,,1,5,1740.55,,,
A25,3,,,,,3,,3,5,1740.55,,,
A25,4,,,,1,1,,2,5.5,1721.42,,,
A25,5 and 6,,,1,,4,,5,5.4,1725.246,,,
A25,6,,,,2,4,,6,5.333333333,1727.796667,,,
A25,7,,,,1,1,,2,5.5,1721.42,,,
B,2,,,,3,,,3,6,1702.29,,,
B,3a,,,2,2,7,1,12,5.416666667,1724.608333,,,
B,3b,,,,,12,5,17,4.705882353,1751.802941,,,
B,4,,,,,18,3,21,4.857142857,1746.015714,,,
B,6,,,,1,4,1,6,5,1740.55,,,
B,7,,,,,3,,3,5,1740.55,,,
B,8,,,,1,2,,3,5.333333333,1727.796667,,,
B1,1a,,,,1,16,1,18,5,1740.55,,,
B1,2,,,,,7,,7,5,1740.55,,,
B1,3a,,,,12,7,,19,5.631578947,1716.385789,,,
B1,3b,,,1,6,12,1,20,5.35,1727.159,,,
B1,4,,,,,6,,6,5,1740.55,,,
B1,5,,,,1,4,,5,5.2,1732.898,,,
B1,6,,,1,,,,1,7,1664.03,,,
B1,7,,,1,,,,1,7,1664.03,,,
B2,1,,,,7,6,,13,5.538461538,1719.948462,,,
B2,3a,,,1,4,9,2,16,5.25,1730.985,,,
B2,4,,,,11,31,5,47,5.127659574,1735.665745,,,
B2,5,,,1,13,25,,39,5.384615385,1725.834615,,,
B2,6,,,,3,13,1,17,5.117647059,1736.048824,,,
B2,7,,1,,19,39,3,62,5.306451613,1728.825161,,,
B2,8,,1,6,3,,,10,6.8,1671.682,,,
B3,1 and 2,,,,2,6,,8,5.25,1730.985,,,
B3,2,,,,2,1,,3,5.666666667,1715.043333,,,
B3,3a,,,4,12,8,1,25,5.76,1711.4724,,,
B3,3b,,,2,9,26,5,42,5.19047619,1733.262381,,,
B3,4,,,1,4,42,6,53,5,1740.55,,,
B3,5,,,,7,23,1,31,5.193548387,1733.144839,,,
B3,6,,,2,5,15,1,23,5.347826087,1727.242174,,,
B3,7,,,2,6,13,,21,5.476190476,1722.330952,,,
B3,8,,,1,7,17,,25,5.36,1726.7764,,,
B4,2,,,,1,2,,3,5.333333333,1727.796667,,,
B4,3a,,,2,9,14,1,26,5.461538462,1722.891538,,,
B4,3b,,1,6,8,11,,26,5.884615385,1706.704615,,,
B4,4,,,1,2,9,,12,5.333333333,1727.796667,,,
B4,5,,,,3,19,,22,5.136363636,1735.332727,,,
B4,6,,,,6,21,1,28,5.178571429,1733.717857,,,
B4,7,,,1,19,22,,42,5.5,1721.42,,,
B4,8,,,1,6,11,1,19,5.368421053,1726.454211,,,
B4,9,,,,1,13,,14,5.071428571,1737.817143,,,
B5,2,,,,2,1,,3,5.666666667,1715.043333,,,
B5,3a,,,,7,8,,15,5.466666667,1722.695333,,,
B5,3b,,2,1,11,12,1,27,5.666666667,1715.043333,,,
B5,4,,,,3,11,1,15,5.133333333,1735.448667,,,
B5,5,,,,1,16,2,19,4.947368421,1742.563684,,,
B5,6,,,,4,32,,36,5.111111111,1736.298889,,,
B5,7,,,1,14,14,,29,5.551724138,1719.441034,,,
B5,8,,,,12,6,,18,5.666666667,1715.043333,,,
B6,1 and 2,,,,2,4,,6,5.333333333,1727.796667,,,
B6,3a,,,,5,13,3,21,5.095238095,1736.90619,,,
B6,3b,,,,9,18,1,28,5.285714286,1729.618571,,,
B6,4,,,1,19,54,5,79,5.202531646,1732.801139,,,
B6,5,,,,3,31,,34,5.088235294,1737.174118,,,
B6,6,,,3,11,19,,33,5.515151515,1720.840303,,,
B6,7,,,,4,3,,7,5.571428571,1718.687143,,,
B7,1 and 2,,,,1,3,,4,5.25,1730.985,,,
B7,3a,,,3,19,34,,56,5.446428571,1723.469643,,,
B7,4,,1,1,9,18,2,31,5.387096774,1725.739677,,,
B7,5,,,5,18,28,,51,5.549019608,1719.54451,,,
B7,6,,,2,17,3,1,23,5.869565217,1707.280435,,,
B7,7,,,5,4,4,1,14,5.928571429,1705.022857,,,
B8,3a,,,,9,9,,18,5.5,1721.42,,,
B8,3b,,,1,10,29,2,42,5.238095238,1731.440476,,,
B8,4,,,,4,16,1,21,5.142857143,1735.084286,,,
B8,5,,,,6,34,,40,5.15,1734.811,,,
B8,6,,,1,9,20,1,31,5.322580645,1728.208065,,,
B8,7,,,1,,8,,9,5.222222222,1732.047778,,,
B9,1 and 2,,,,1,2,,3,5.333333333,1727.796667,,,
B9,3a,,,2,3,7,1,13,5.461538462,1722.891538,,,
B9,3b,,,,8,14,1,23,5.304347826,1728.905652,,,
B9,4,,,,3,14,,17,5.176470588,1733.798235,,,
B9,5,,,,3,5,,8,5.375,1726.2025,,,
B9,6,,,1,3,5,,9,5.555555556,1719.294444,,,
B9,7,,,1,,2,,3,5.666666667,1715.043333,,,
B10,1,,,,1,4,,5,5.2,1732.898,,,
B10,3a,,,,12,17,2,31,5.322580645,1728.208065,,,
B10,4,,,,5,28,,33,5.151515152,1734.75303,,,
B10,5,,,,3,8,,11,5.272727273,1730.115455,,,
B10,6,,,1,4,9,,14,5.428571429,1724.152857,,,
B10,7,,,,2,3,,5,5.4,1725.246,,,
B10,8,,,,1,1,,2,5.5,1721.42,,,
B11,1 and 2,,,,,1,,1,5,1740.55,,,
B11,3a,,,,,1,,1,5,1740.55,,,
B11,3 and 4,,,,2,8,,10,5.2,1732.898,,,
B11,6 and 7,,,1,,3,,4,5.5,1721.42,,,
B12,1 and 2,,,1,,1,,2,6,1702.29,,,
B12,3,,,,1,7,,8,5.125,1735.7675,,,
B12,4,,,,4,16,1,21,5.142857143,1735.084286,,,
B12,5,,,,5,13,1,19,5.210526316,1732.495263,,,
B12,6,,,,1,15,,16,5.0625,1738.15875,,,
B12,7,,,1,18,35,2,56,5.321428571,1728.252143,,,
B12,8,,,,9,4,,13,5.692307692,1714.062308,,,
B13,1 and 2,,,,3,7,,10,5.3,1729.072,,,
B13,3a,,1,,2,2,,5,6,1702.29,,,
B13,3b,,,,12,37,1,50,5.22,1732.1328,,,
B13,4,,,1,5,18,4,28,5.107142857,1736.450714,,,
B13,5,,,,4,15,3,22,5.045454545,1738.810909,,,
B13,6,,,1,11,37,3,52,5.192307692,1733.192308,,,
B13,7,,,1,28,51,,80,5.375,1726.2025,,,
B13,8,,,1,1,2,,4,5.75,1711.855,,,
B14,1 and 2,,,,5,8,,13,5.384615385,1725.834615,,,
B14,3a,,,,7,30,,37,5.189189189,1733.311622,,,
B14,3b,,,2,10,20,,32,5.4375,1723.81125,,,
B14,4,,,4,15,22,,41,5.56097561,1719.087073,,,
B14,5,,,1,7,26,,34,5.264705882,1730.422353,,,
B14,6,,,,7,35,4,46,5.065217391,1738.054783,,,
B14,7,,,3,38,36,,77,5.571428571,1718.687143,,,
B15,3a,,,,,1,,1,5,1740.55,,,
B15,3b,,,,,1,,1,5,1740.55,,,
B15,5,,,,,1,,1,5,1740.55,,,
B15,6,,,1,,3,,4,5.5,1721.42,,,
B15,7,,,,5,8,,13,5.384615385,1725.834615,,,
B15,8,,,,5,4,,9,5.555555556,1719.294444,,,
B16,1 and 2,,,1,4,9,1,15,5.333333333,1727.796667,,,
B16,3b,,,,7,13,,20,5.35,1727.159,,,
B16,3a,,,2,7,6,,15,5.733333333,1712.492667,,,
B16,4,,,1,9,19,1,30,5.333333333,1727.796667,,,
B16,5,,,1,6,12,,19,5.421052632,1724.440526,,,
B16,6,,,,13,27,,40,5.325,1728.1155,,,
B16,7,,1,,15,18,,34,5.529411765,1720.294706,,,
B16,8,,,1,4,1,,6,6,1702.29,,,
B17,1 and 2,,,,1,3,,4,5.25,1730.985,,,
B17,3a,,,,1,4,,5,5.2,1732.898,,,
B17,3b,,,,1,1,,2,5.5,1721.42,,,
B17,5,,,,,3,1,4,4.75,1750.115,,,
B17,6,,,,2,8,,10,5.2,1732.898,,,
B17,7,,,2,7,13,,22,5.5,1721.42,,,
B18,1 and 2,,,,5,9,,14,5.357142857,1726.885714,,,
B18,3a,,,,4,8,,12,5.333333333,1727.796667,,,
B18,3b,,,,2,3,,5,5.4,1725.246,,,
B18,4,,,,2,4,1,7,5.142857143,1735.084286,,,
B18,5,,,,1,12,,13,5.076923077,1737.606923,,,
B18,6,,,,6,13,,19,5.315789474,1728.467895,,,
B18,7,,,1,13,12,,26,5.576923077,1718.476923,,,
B18,8,,,,2,,,2,6,1702.29,,,
B19,1 and 2,,,,1,1,1,3,5,1740.55,,,
B19,3a,,,,5,9,,14,5.357142857,1726.885714,,,
B19,3b,,,,,11,,11,5,1740.55,,,
B19,4,,,,4,1,,5,5.8,1709.942,,,
B19,5,,,,,3,,3,5,1740.55,,,
B19,6,,,,1,7,,8,5.125,1735.7675,,,
B19,7,,,,3,4,,7,5.428571429,1724.152857,,,
B20,1 and 2,,,,,1,,1,5,1740.55,,,
B20,3a,,,3,7,13,,23,5.565217391,1718.924783,,,
B20,3b,,,,6,8,,14,5.428571429,1724.152857,,,
B20,4,,,,3,6,,9,5.333333333,1727.796667,,,
B20,5,,,,8,24,3,35,5.142857143,1735.084286,,,
B20,6,,,,3,25,,28,5.107142857,1736.450714,,,
B20,7,,,,11,14,,25,5.44,1723.7156,,,
B21,1,,,,,1,,1,5,1740.55,,,
B21,2,,,,,4,1,5,4.8,1748.202,,,
B21,3a,,,,6,6,,12,5.5,1721.42,,,
B21,4a,,,1,15,33,1,50,5.32,1728.3068,,,
B21,4b,,,1,4,4,,9,5.666666667,1715.043333,,,
B21,5,,,1,3,20,,24,5.208333333,1732.579167,,,
B21,6,,,,12,28,,40,5.3,1729.072,,,
B21,7,,,,9,8,1,18,5.444444444,1723.545556,,,
B22,1,,,,2,,,2,6,1702.29,,,
B22,2,,1,,,2,,3,6,1702.29,,,
B22,3,,,2,1,4,,7,5.714285714,1713.221429,,,
B22,4,,2,5,6,30,,43,5.511627907,1720.975116,Confusing transcription,,
B22,5,,,,4,8,1,13,5.230769231,1731.720769,,,
B22,6,,,,6,12,,18,5.333333333,1727.796667,,,
B22,7,,,,2,5,,7,5.285714286,1729.618571,,,
B23,1 and 6,,,,1,,,1,6,1702.29,,,
B23,1 and 2,,,,1,,,1,6,1702.29,,,
B23,3a,,,,3,5,,8,5.375,1726.2025,,,
B23,3b,,,,1,2,,3,5.333333333,1727.796667,,,
B23,4,,,,2,6,,8,5.25,1730.985,,,
B23,5,,,1,,6,,7,5.285714286,1729.618571,,,
B23,6,,,,,6,,6,5,1740.55,,,
B24,3a,,,,2,1,,3,5.666666667,1715.043333,,,
B24,3b,,,,1,5,,6,5.166666667,1734.173333,,,
B24,4,,,,,1,,1,5,1740.55,,,
B24,5,,,,1,1,,2,5.5,1721.42,,,
B24,6,,,,,3,,3,5,1740.55,,,
C,2,,,,1,9,1,11,5,1740.55,,,
C1,1,,,,2,4,1,7,5.142857143,1735.084286,,,
C1,2,,,,,8,,8,5,1740.55,,,
C2,2,,,1,1,8,1,11,5.181818182,1733.593636,,,
C3,2,,,,,1,,1,5,1740.55,,,
C4,1,,,,1,,,1,6,1702.29,,,
C4,2,,,,,1,,1,5,1740.55,,,
D,1,,,7,33,56,2,98,5.459183673,1722.981633,,,
D2,1,,,2,6,6,,14,5.714285714,1713.221429,,,
D2,2,,,,,1,,1,5,1740.55,,,
D2,3a,,,1,2,2,,5,5.8,1709.942,,,
D2,4,,,1,1,4,,6,5.5,1721.42,,,
D2,5,,,1,6,15,,22,5.363636364,1726.637273,,,
D2,REPEATED???,,,,,,,0,#DIV/0!,#DIV/0!,,,
D3,3a,,,,2,,,2,6,1702.29,,,
D3,4,,,,3,4,,7,5.428571429,1724.152857,,,
D3,5,,1,,1,5,,7,5.571428571,1718.687143,,,
D4,1,,,,3,8,1,12,5.166666667,1734.173333,,,
D5,1,,,1,5,8,,14,5.5,1721.42,,,
D5,2,,,,,1,,1,5,1740.55,,,
D5,3a,,,,1,2,,3,5.333333333,1727.796667,,,
D5,4,,,,3,3,,6,5.5,1721.42,,,
D5,5,,,,8,3,,11,5.727272727,1712.724545,,,
D6,1,,,,2,9,1,12,5.083333333,1737.361667,,,
D6,2,,,,,5,,5,5,1740.55,,,
D6,3a,,,,1,8,,9,5.111111111,1736.298889,,,
D6,4,,,1,4,21,,26,5.230769231,1731.720769,,,
D6,5,,2,,13,6,,21,5.904761905,1705.93381,,,
D7,1,,,2,6,11,,19,5.526315789,1720.413158,,,
D7,2,,,,3,8,,11,5.272727273,1730.115455,,,
D7,3a,,,1,3,3,,7,5.714285714,1713.221429,,,
D7,4,,,1,3,2,,6,5.833333333,1708.666667,,,
D7,5,,,,11,11,,22,5.5,1721.42,,,
D8,1,,,,2,8,1,11,5.090909091,1737.071818,,,
D8,2,,,,,1,,1,5,1740.55,,,
D8,4,,1,7,23,,,31,6.290322581,1691.182258,,,
D8,5,,1,15,9,,,25,6.68,1676.2732,,,
D9,1,,,,5,10,,15,5.333333333,1727.796667,,,
D9,2,,,,5,4,,9,5.555555556,1719.294444,,,
D9,3a,,,,1,1,1,3,5,1740.55,,,
D9,4,,,,7,22,,29,5.24137931,1731.314828,,,
D9,5,,,,7,13,,20,5.35,1727.159,,,
D10,1,,,,1,2,,3,5.333333333,1727.796667,,,
D10,2,,,,,1,,1,5,1740.55,,,
D10,3a,,,,1,,,1,6,1702.29,,,
D10,4,,,,2,4,,6,5.333333333,1727.796667,,,
D10,5,,,,12,4,,16,5.75,1711.855,,,
D11,1,,,,4,6,,10,5.4,1725.246,,,
D11,2,,,,,4,,4,5,1740.55,,,
D11,1,,,,4,6,,10,5.4,1725.246,,,
D11,2,,,,,4,,4,5,1740.55,,,
D11,3,,,,1,7,,8,5.125,1735.7675,,,
D11,4,,,,2,3,,5,5.4,1725.246,,,
D11,5,,,,3,1,,4,5.75,1711.855,,,
D12,1,,,1,1,5,,7,5.428571429,1724.152857,,,
D12,2,,,,1,1,,2,5.5,1721.42,,,
D12,3a,,,,1,1,,2,5.5,1721.42,,,
D12,4,,,,5,4,,9,5.555555556,1719.294444,,,
D12,5,,,1,2,3,,6,5.666666667,1715.043333,,,
D13,1,,,,5,13,,18,5.277777778,1729.922222,,,
D14,1,,,,,2,,2,5,1740.55,,,
D14,2,,,,,2,,2,5,1740.55,,,
D14,3,,,,,1,,1,5,1740.55,,,
D14,4,,,,2,1,,3,5.666666667,1715.043333,,,
D14,5,,,1,6,3,,10,5.8,1709.942,,,
D15,,,,,4,,,4,6,1702.29,,,
D16,1,,,,1,1,,2,5.5,1721.42,,,
D16,3,,,,5,5,1,11,5.363636364,1726.637273,,,
D16,5,,,2,8,9,,19,5.631578947,1716.385789,,,
E,1 and 2,,,,3,6,,9,5.333333333,1727.796667,,,
E,3a,,,1,2,3,,6,5.666666667,1715.043333,,,
E,4,,,1,4,32,1,38,5.131578947,1735.515789,,,
E,5,,,,3,28,1,32,5.0625,1738.15875,,,
E,6,,1,2,14,11,,28,5.75,1711.855,,,
E,7,,,,5,,,5,6,1702.29,,,
E1,1,,1,6,13,2,,22,6.272727273,1691.855455,,,
E2,2,,,1,,4,1,6,5.166666667,1734.173333,,,
E2,3,,,,3,6,,9,5.333333333,1727.796667,,,
E2,4,,,1,2,9,,12,5.333333333,1727.796667,,,
E2,5,,,,1,5,,6,5.166666667,1734.173333,,,
E2,6,,,,,11,,11,5,1740.55,,,
E2,6N,,,1,4,5,,10,5.6,1717.594,,,
E2,7,,1,5,11,7,,24,6,1702.29,,,
E2,1 and 2,,,2,12,5,,19,5.842105263,1708.331053,,,
E2,3a,,,,9,8,,17,5.529411765,1720.294706,,,
E2,4,,,,7,6,,13,5.538461538,1719.948462,,,
E2,5,,,,3,2,,5,5.6,1717.594,,,
E2,6,,,,3,4,,7,5.428571429,1724.152857,,,
E2,7,,,2,10,20,2,34,5.352941176,1727.046471,,,
E2,8,,,,1,7,,8,5.125,1735.7675,,,
E2,9,,,,,3,,3,5,1740.55,,,
E3,2,,,,6,9,,15,5.4,1725.246,,,
E3,3a,,,,,9,2,11,4.818181818,1747.506364,,,
E3,4,,,,1,27,2,30,4.966666667,1741.825333,,,
E3,5,,,,8,38,6,52,5.038461538,1739.078462,,,
E3,7,,,17,15,7,,39,6.256410256,1692.479744,,,
E3,9,,,,,5,1,6,4.833333333,1746.926667,,,
E4,1 and 2,,,1,2,6,,9,5.444444444,1723.545556,,,
E4,3,,,1,,4,,5,5.4,1725.246,,,
E4,4 and 5,,,,1,3,,4,5.25,1730.985,,,
E4,6,,,2,5,8,,15,5.6,1717.594,,,
E4,7,,,1,5,2,,8,5.875,1707.0725,,,
E4,8,,,,1,2,,3,5.333333333,1727.796667,,,
E4,Floor,,,,1,6,,7,5.142857143,1735.084286,,,
E5,1 and 2,,1,1,4,10,,16,5.5625,1719.02875,,,
E5,3 and 4,,,1,6,16,1,24,5.291666667,1729.390833,,,
E5,5 and 6,,,1,1,10,,12,5.25,1730.985,,,
E5,7a,,1,,2,10,,13,5.384615385,1725.834615,,,
E5,7b,,,,2,5,,7,5.285714286,1729.618571,,,
E5,9,,,,,6,,6,5,1740.55,,,
E6,7,,,,3,,1,4,5.5,1721.42,,,
,,24,,3,4,7,,14,5.714285714,1713.221429,,,
,,25,,,7,12,1,20,5.3,1729.072,,,
,12,26,1,6,22,11,,40,5.925,1705.1595,,,
,1,26,,4,11,13,,28,5.678571429,1714.587857,,,
,3,26,,1,9,16,3,29,5.275862069,1729.995517,,,
,2,26,,2,7,15,,24,5.458333333,1723.014167,,,
,4,26,,,5,15,10,30,4.833333333,1746.926667,,,
,5,26,,,6,11,5,22,5.045454545,1738.810909,,,
,6,26,,,3,10,10,23,4.695652174,1752.194348,,,
,7,26,,,3,15,5,23,4.913043478,1743.876957,,,
,9,26,,3,26,20,3,52,5.557692308,1719.212692,,,
,8,26,,1,16,13,7,37,5.297297297,1729.175405,,,
,10,26,,2,28,13,4,47,5.595744681,1717.756809,,,
,11,26,,2,29,12,3,46,5.652173913,1715.597826,,,
,13,26,,2,6,6,3,17,5.411764706,1724.795882,,,
,14,26,,2,2,1,,5,6.2,1694.638,,,
,15,26,,,2,,1,3,5.333333333,1727.796667,,,
,16,26,,,8,6,4,18,5.222222222,1732.047778,,,
,,27,,5,6,10,,21,5.761904762,1711.399524,,,
,,30,,,,3,,3,5,1740.55,,,
,,31,,,6,11,,17,5.352941176,1727.046471,,,
,,32,,,1,1,,2,5.5,1721.42,,,
,,33,,,2,,,2,6,1702.29,,,
,,34,,,,3,1,4,4.75,1750.115,,,
,,35,,,1,1,,2,5.5,1721.42,,,
,Below forge,37,,,1,,,1,6,1702.29,,,
,,37,,,7,9,,16,5.4375,1723.81125,,,
,,38,1,2,3,10,,16,5.625,1716.6375,,,
,,40,,,,5,,5,5,1740.55,,,
,,41,,,3,1,,4,5.75,1711.855,,,
,,45,,1,4,2,1,8,5.625,1716.6375,,,
,,45F,,,6,,,6,6,1702.29,,,
,,45W,,,4,6,,10,5.4,1725.246,,,
,,45Z,,,,3,,3,5,1740.55,,,
,,45U,,,,3,,3,5,1740.55,,,
A8,,45,,,1,1,,2,5.5,1721.42,,,
,,45,,1,6,13,1,21,5.333333333,1727.796667,,,
,2,45,,,1,3,1,5,5,1740.55,,,
,3,45,,,1,1,,2,5.5,1721.42,,,
,4,45,,,2,3,,5,5.4,1725.246,,,
,5,45,,,,3,1,4,4.75,1750.115,,,
,I,45,,4,7,16,5,32,5.3125,1728.59375,,,
,,45,,5,21,45,,71,5.436619718,1723.84493,,,
,,46,,6,19,8,1,34,5.882352941,1706.791176,,,
,,47,,6,16,35,,57,5.49122807,1721.755614,,,
,,48,,,8,10,,18,5.444444444,1723.545556,,,
,,49,,,4,9,,13,5.307692308,1728.777692,,,
,,52,,,1,,,1,6,1702.29,,,
,,54,,,3,4,1,8,5.25,1730.985,,,
,,55,,,3,1,,4,5.75,1711.855,,,
,,56,,,1,6,,7,5.142857143,1735.084286,,,
,,57,,,1,2,,3,5.333333333,1727.796667,,,
,,60,,,5,25,,30,5.166666667,1734.173333,,,
,,61,,,,2,,2,5,1740.55,,,
,,62,,,1,2,,3,5.333333333,1727.796667,,,
,,63,,,1,,,1,6,1702.29,,,
,,65,2,6,42,23,,73,5.821917808,1709.103425,,,
,,65d,,1,45,23,,69,5.68115942,1714.488841,,,
,,65x,1,1,4,15,2,23,5.304347826,1728.905652,,,
,,65a,,1,26,22,,49,5.571428571,1718.687143,,,
,,65b,,4,36,38,,78,5.564102564,1718.967436,,,
,,65e,2,5,8,26,,41,5.585365854,1718.153902,,,
,,65c,,4,2,,,6,6.666666667,1676.783333,,,
,,71,,,,1,,1,5,1740.55,,,
,,72,,,2,6,,8,5.25,1730.985,,,
,,75,,,2,2,1,5,5.2,1732.898,,,
,,76,,,,1,,1,5,1740.55,,,
,,77,,2,12,26,1,41,5.365853659,1726.552439,,,
,,78,,,1,,,1,6,1702.29,,,
,,79,,,1,1,,2,5.5,1721.42,,,
,,80,,3,2,4,,9,5.888888889,1706.541111,,,
,,81,,,,3,,3,5,1740.55,,,
,,82,,,,3,,3,5,1740.55,,,
,,83,,1,7,10,,18,5.5,1721.42,,,
,,84,,,,3,,3,5,1740.55,,,
,,85,,,,3,1,4,4.75,1750.115,,,
,,86,,2,6,7,,15,5.666666667,1715.043333,,,
,,88,,,1,,,1,6,1702.29,,,
,,89,,3,6,3,,12,6,1702.29,,,
,,90,,2,1,1,,4,6.25,1692.725,,,
,,91,,2,23,23,,48,5.5625,1719.02875,,,
,,93,,1,8,47,3,59,5.118644068,1736.010678,,,
,,94,,,4,9,,13,5.307692308,1728.777692,,,
,,95,,7,17,14,1,39,5.769230769,1711.119231,,,
,,96,,1,3,1,1,6,5.666666667,1715.043333,,,
,,97,,,1,3,,4,5.25,1730.985,,,
,,99,,,3,4,,7,5.428571429,1724.152857,,,
,,102,,,,1,,1,5,1740.55,,,
,,104,,,,1,,1,5,1740.55,,,
,,105,,,,1,,1,5,1740.55,,,
,,106,,1,1,2,,4,5.75,1711.855,,,
,,107,,,,1,,1,5,1740.55,,,
,,109,,1,4,,,5,6.2,1694.638,,,
,,110,,,,1,,1,5,1740.55,,,
,,111,,,5,4,,9,5.555555556,1719.294444,,,
,,113,,1,1,5,,7,5.428571429,1724.152857,,,
,,114,,,,1,,1,5,1740.55,,,
,,115,,,,1,,1,5,1740.55,,,
,,116,,,1,,,1,6,1702.29,,,
,,117,,,,1,,1,5,1740.55,,,
,,118,,,1,,,1,6,1702.29,,,
,,119,,,,1,,1,5,1740.55,,,
,,121,,,6,10,,16,5.375,1726.2025,,,
,,122,,,2,7,,9,5.222222222,1732.047778,,,
,,123,,3,,,,3,7,1664.03,,,
,,126,,1,9,8,,18,5.611111111,1717.168889,,,
,,127b,,2,3,11,,16,5.4375,1723.81125,,,
,,127x,,,1,5,,6,5.166666667,1734.173333,,,
,,127,,2,10,42,,54,5.259259259,1730.630741,,,
,,128,,4,4,17,1,26,5.423076923,1724.363077,,,
,,129,,,1,,,1,6,1702.29,,,
,,130,,,,1,,1,5,1740.55,,,
,,131b,,,2,3,,5,5.4,1725.246,,,
,,131d,,,1,,,1,6,1702.29,,,
,,131a,,,6,19,,25,5.24,1731.3676,,,
,,134,,1,7,16,2,26,5.269230769,1730.249231,,,
,,135,,,3,1,,4,5.75,1711.855,,,
,,136,,,3,29,1,33,5.060606061,1738.231212,,,
,,139,,,1,3,,4,5.25,1730.985,,,
,,140,,,1,,,1,6,1702.29,,,
,,141,,,1,,,1,6,1702.29,,,
,,143,,,,1,,1,5,1740.55,,,
,,144,,,,1,,1,5,1740.55,,,
,,145,,,,,,0,#DIV/0!,#DIV/0!,,,
,,146,,,2,1,,3,5.666666667,1715.043333,,,
,,147,,,1,,,1,6,1702.29,,,
,,150,,,1,3,,4,5.25,1730.985,,,
,,156,,,,6,,6,5,1740.55,,,
B14,,166b,,1,14,36,,51,5.31372549,1728.546863,,,
B14,,166a,,1,5,20,,26,5.269230769,1730.249231,,,
B21,,166b,,3,31,75,,109,5.339449541,1727.562661,,,
B22,,166,,,3,13,,16,5.1875,1733.37625,,,
B19,,166b,,,15,24,,39,5.384615385,1725.834615,,,
B13,,166b,,2,24,58,,84,5.333333333,1727.796667,,,
B19,,166,,,6,11,,17,5.352941176,1727.046471,,,
B16,,166b,,1,7,10,,18,5.5,1721.42,,,
B13,,166,,3,22,53,,78,5.358974359,1726.815641,,,
B21,,166a,,1,7,21,,29,5.310344828,1728.676207,,,
B14,,166b,,3,11,38,1,53,5.301886792,1728.999811,,,
B17,,166,,,2,2,,4,5.5,1721.42,,,
B23,,166,,,1,4,,5,5.2,1732.898,,,
B26,,166b,,,,3,,3,5,1740.55,,,
B24,,166a,,,,7,,7,5,1740.55,,,
B17,,166a,,,2,6,,8,5.25,1730.985,,,
B17,,166b,,,4,5,,9,5.444444444,1723.545556,,,
B20,,166b,,1,10,56,,67,5.179104478,1733.697463,,,
B24,,166b,,,2,7,,9,5.222222222,1732.047778,,,
B16,,166a,,,5,1,,6,5.833333333,1708.666667,,,
B16,,166,,1,15,31,,47,5.361702128,1726.711277,,,
B13,,163,,,,1,,1,5,1740.55,,,
B13,,164,,,1,1,,2,5.5,1721.42,,,
B13,,165,,1,2,15,,18,5.222222222,1732.047778,,,
B15,,170,,1,1,,,2,6.5,1683.16,,,
,,171,,,2,2,,4,5.5,1721.42,,,
,,174,,,,1,,1,5,1740.55,,,
B16,,175,,,2,,,2,6,1702.29,,,
B18,,176,,,1,1,,2,5.5,1721.42,,,
B22,,178a,,,2,8,,10,5.2,1732.898,,,
,,178,,,,7,,7,5,1740.55,,,
B22,,178b,,,6,13,,19,5.315789474,1728.467895,,,
B22,,178,,,7,10,1,18,5.333333333,1727.796667,,,
,,180,,1,1,1,,3,6,1702.29,,,
B16,,181,,,,1,,1,5,1740.55,,,
B23,,183,,3,10,4,,17,5.941176471,1704.540588,,,
B23,,183,1,5,22,25,53,106,4.830188679,1747.046981,,,
B18,,185,,,,1,,1,5,1740.55,,,
B20,,186,,2,,4,,6,5.666666667,1715.043333,,,
B20,,188,,,,1,,1,5,1740.55,,,
B21,,189,,,,4,,4,5,1740.55,,,
B21,,193,,,,1,,1,5,1740.55,,,
,,191,,,3,1,,4,5.75,1711.855,,,
,,192,,,5,7,,12,5.416666667,1724.608333,,,
,,196,,,1,1,,2,5.5,1721.42,,,
,,197,,,,2,,2,5,1740.55,,,
,,198,,,,3,,3,5,1740.55,,,
,,199,,1,7,26,,34,5.264705882,1730.422353,,,
,,200,,,1,2,,3,5.333333333,1727.796667,,,
B22,,201,,,,1,,1,5,1740.55,,,
,,136T,,1,5,57,5,68,5.029411765,1739.424706,,,
